,Title,Subtitle,Realise Time
0,Tarot (2024),SUB,13 hours ago
1,Oh My Ghost! The Fierce Escape from Covid-19 (2021),RAW,2024-07-10 07:09:38
2,Bear Man (2023),SUB,2024-07-10 06:53:47
3,Kamen Rider 555 20th: Paradise Regained (2024),SUB,2024-07-09 21:29:43
4,Following (2024),RAW,2024-07-08 15:17:59
5, Yumi's Cells the Movie (2024),SUB,2024-07-07 23:26:59
6,Wonderland (2024),SUB,2024-07-07 17:27:24
7,The Theory of Relativity and Row Houses (2024),RAW,2024-07-05 03:19:12
8,Lady Kaga (2024),RAW,2024-07-04 18:40:10
9,Pattaya Heat (2024),SUB,2024-07-04 18:11:27
10,Lost in Tomb (2024),SUB,2024-07-01 23:29:46
11,Insomniacs After School (2023),SUB,2024-07-01 21:30:27
12,The Roundup: Punishment (2024),SUB,2024-07-01 08:13:01
13,Black Jack (2024),RAW,2024-07-01 02:10:57
14,Drawing Closer (2024),SUB,2024-06-27 19:25:50
15,Voice (2024),SUB,2024-06-25 20:20:45
16,52 Hertz no Kujiratachi (2024),SUB,2024-06-25 20:20:10
17,Twilight of the Warriors: Walled In (2024),SUB,2024-06-25 00:51:57
18,The Movie Emperor (2024),SUB,2024-06-24 08:40:24
19,All Lives (2024),SUB,2024-06-20 20:01:34
20,Chinatown Chacha (2024),SUB,2024-06-20 19:33:55
21,The Plot (2024),RAW,2024-06-18 19:51:00
22,Dead Man (2024),SUB,2024-06-17 23:39:03
23,Hovering Blade (2024),SUB,2024-06-10 20:21:53
24,The Happenings (1998),RAW,2024-06-10 01:25:05
25,Black Angel Vol. 2 (1999),SUB,2024-06-10 01:20:15
26,Sana (2023),RAW,2024-06-10 01:17:28
27,Mutant (2024),SUB,2024-06-08 00:12:01
28,The Invitation (2024),SUB,2024-06-08 00:11:28
29,KARAKASA (2024),SUB,2024-06-08 00:10:57
30,Northeast Folktales (2024),SUB,2024-06-08 00:10:12
31,Firewire Sniper (2024),SUB,2024-06-08 00:10:00
32,Best Wishes to All (2024),SUB,2024-06-07 20:28:31
33,The Last Frenzy (2024),SUB,2024-06-07 19:09:48
34,BL Metamorphosis (2022),SUB,2024-06-07 16:11:55
35,"I Go GaGa: Welcome Home, Mom (2022)",SUB,2024-06-07 15:49:57
36,Best Regards to All (2023),SUB,2024-06-07 15:40:40
37,closet-2024,SUB,2024-06-07 15:37:19
38,Freckles (2022),SUB,2024-06-07 15:36:53
39,Rob N Roll (2024),SUB,2024-06-04 23:47:58
40,Lumberjack the Monster (2023),SUB,2024-06-02 04:10:57
41,Miss Fortune (2023),SUB,2024-06-01 16:57:38
42,Troll Factory (2024),SUB,2024-05-30 20:46:36
43,Just For Meeting You (2023),RAW,2024-05-29 20:14:33
44,Our Season (2023),SUB,2024-05-27 18:24:41
45,Matching (2023),RAW,2024-05-22 02:05:18
46,Lost in Perfection (2023),SUB,2024-05-20 01:37:39
47,Sword of Desperation (2010),SUB,2024-05-20 01:36:52
48,Dad is Back (2016),SUB,2024-05-20 01:35:05
49,Mr. Osomatsu (2022),RAW,2024-05-20 01:34:43
50,Golden Kamuy (2024),SUB,2024-05-19 14:53:10
51,Talisman: The Luck Stealer (2022),SUB,2024-05-16 20:26:56
52,Immortal Vampire (2022),SUB,2024-05-16 20:26:30
53,Samurai Detective Onihei: Lawless Love (2024),SUB,2024-05-16 18:50:55
54,Article 20 (2024),RAW,2024-05-16 06:57:19
55,Doll Bride (2024),SUB,2024-05-15 00:29:38
56,Noryang: Deadly Sea (2023),SUB,2024-05-14 00:38:33
57,Exhuma (2024),SUB,2024-05-12 21:43:37
58,Sekai no Owari kara (2023),SUB,2024-05-11 14:09:10
59,Let's Go Karaoke! (2024),SUB,2024-05-11 14:08:08
60,Deliverance (2024),SUB,2024-05-11 14:07:02
61,Deaw Special: Super Soft Power (2024),SUB,2024-05-11 14:06:32
62,Six Strange Tales of Liao Zhai (2020),SUB,2024-05-11 14:04:12
63,Love Syndrome: The Beginning (2024),SUB,2024-05-11 08:05:37
64,Slyth: The Hunt Saga (2023),SUB,2024-05-09 16:55:25
65,Ikitoshi Ikerumono (2024),SUB,2024-05-08 15:20:54
66,Sleep with Your Eyes Open (2024),SUB,2024-05-07 20:29:51
67,Novoland: Trace of the Dragon (2024),SUB,2024-05-07 15:24:55
68,The New Dragon Inn (2024),SUB,2024-05-07 15:24:31
69,Chime (2024),SUB,2024-05-07 09:07:48
70,The Victims (2024),SUB,2024-05-06 19:47:26
71,After the Fever (2024),SUB,2024-05-05 14:25:09
72,Godzilla Minus One (2023),SUB,2024-05-01 17:32:35
73,Painted Skin: Love is Destroyed (2024),SUB,2024-04-30 17:32:31
74,Dreaming in Between (2023),SUB,2024-04-26 19:09:10
75,The Package (2024),SUB,2024-04-25 19:21:06
76,City Hunter (2024),SUB,2024-04-25 18:39:50
77,Analog (2023),SUB,2024-04-22 00:15:53
78,Zhou Gong Subdues Demons (2024),SUB,2024-04-21 23:51:22
79,Once Again (2024),RAW,2024-04-19 23:45:09
80,The Sin (2024),RAW,2024-04-18 08:19:36
81,Remember Me (2024),SUB,2024-04-18 07:22:39
82,Martial Universe: The Immortal Stone of Nirvana (2021),SUB,2024-04-15 15:24:39
83,Evil Does Not Exist (2023),SUB,2024-04-14 18:27:05
84,Death Whisperer (2023),SUB,2024-04-14 15:19:19
85,Insects in the Backyard (2011),SUB,2024-04-14 15:18:27
86,Adulthood (2018),SUB,2024-04-12 01:31:32
87,The Wandering Earth 2 (2023),SUB,2024-04-12 01:31:02
88,Spiritpact (2018),SUB,2024-04-11 23:38:29
89,The Hairpin of the Rogue (2023),SUB,2024-04-10 20:07:46
90,Dangerous Evidence 2024,SUB,2024-04-10 20:07:36
91,Suspect (2024),SUB,2024-04-04 17:31:03
92,Aru Tozasareta Yuki no Sanso de (2024),RAW,2024-04-04 16:35:43
93,RedLife (2023),SUB,2024-03-31 15:55:29
94,Between the White and Black Keys (2023),SUB,2024-03-29 19:46:42
95,Akai Yubi (2011),SUB,2024-03-28 23:35:08
96,Mountain Woman (2023),SUB,2024-03-27 23:54:19
97,Homeless (2022),SUB,2024-03-27 23:50:43
98,Leave in Summer (2022),SUB,2024-03-27 23:50:31
99,Picnic (2023),RAW,2024-03-27 08:32:01
100,This Is Amiko (2022),SUB,2024-03-26 20:19:23
101,Gaga (2022),SUB,2024-03-26 20:19:09
102,In Her Room (2023),SUB,2024-03-26 20:18:53
103,Nobody's Daughter Hae Won (2013),SUB,2024-03-25 23:41:09
104,Citizen of a Kind (2024),SUB,2024-03-21 00:08:10
105,Winny (2023),SUB,2024-03-20 20:22:02
106,Strong Underdog (2023),SUB,2024-03-20 20:21:47
107,Wannabe (2024),RAW,2024-03-20 00:00:09
108,Art of War (2024),SUB,2024-03-19 23:26:02
109,Scent of a Ghost (2019),SUB,2024-03-19 06:43:23
110,Hunt the Wicked (2024),SUB,2024-03-18 20:52:12
111,Speed Fight (2024),SUB,2024-03-18 17:35:24
112,To The Rescue (2024),RAW,2024-03-17 17:28:01
113,Not Friends (2023),SUB,2024-03-17 17:23:58
114,Who'll Stop the Rain (2023),SUB,2024-03-17 13:49:07
115,People Who Talk to Plushies Are Kind (2023),SUB,2024-03-16 09:34:43
116,Tastes of Horror (2023),SUB,2024-03-15 14:59:32
117,I Did It My Way (2023),SUB,2024-03-14 19:21:40
118,After School (2023),SUB,2024-03-14 18:49:49
119,Cyber Heist (2023),SUB,2024-03-13 14:29:54
120,Out (2023),SUB,2024-03-11 20:49:49
121,The Wild Blade of Strangers (2024),SUB,2024-03-08 18:01:32
122,"And Yet, You Are So Sweet (2023)",SUB,2024-03-08 16:26:04
123,The Sunday Runoff (2022),SUB,2024-03-07 17:58:47
124,Usury Academy (2023),SUB,2024-03-07 17:58:29
125,Alienoid 2 (2024),SUB,2024-03-06 08:26:39
126,Rinjin X: Giwaku no Kanojo (2023),RAW,2024-03-03 18:09:44
127,The Parades (2024),SUB,2024-03-01 21:49:04
128,The First Girl I Loved (2021),SUB,2024-03-01 19:36:25
129,Hot Blooded (2022),SUB,2024-03-01 19:22:19
130,My Name Is Loh Kiwan (2024),SUB,2024-03-01 05:32:15
131,"The Pig, the Snake and the Pigeon (2023)",SUB,2024-03-01 05:31:42
132,You Are My Youth (2022),SUB,2024-02-29 23:15:49
133,Another Record (2021),RAW,2024-02-29 23:15:00
134,Man Suang (2023),SUB,2024-02-29 08:04:47
135,Moon Man (2022),SUB,2024-02-28 05:56:23
136,The Tipping Point (2022),RAW,2024-02-28 05:55:22
137,Made on the Rooftop (2021),SUB,2024-02-27 16:53:16
138,Anemone: A Fairy Tale for No Kids (2022),RAW,2024-02-27 16:52:36
139,From Fanfic to Love (2022),RAW,2024-02-27 06:17:53
140,Side By Side: Tonari ni Iru Hito (2023),SUB,2024-02-26 19:10:12
141,Single in Seoul (2023),SUB,2024-02-26 18:37:58
142,Only the River Flows (2023),SUB,2024-02-25 18:13:15
143,Sword E Flag (2024),SUB,2024-02-24 01:25:50
144,Ms. Apocalypse (2023),RAW,2024-02-21 22:52:23
145,Walker (2024),RAW,2024-02-21 22:36:46
146,Kun Lun Jing (2023),SUB,2024-02-19 13:10:01
147, Eye for an Eye 2 (2024),SUB,2024-02-18 16:02:53
148,Paper Bride (2023),SUB,2024-02-15 12:54:59
149,Huang Miao Village's Tales of Mystery (2023),SUB,2024-02-15 12:54:44
150,Tokyo Revengers 2: Bloody Halloween - Decisive Battle (2023),SUB,2024-02-14 18:21:32
151,"Yoru ga Aketara, Ichiban ni Kimi ni Ai ni Iku (2023)",SUB,2024-02-14 17:40:36
152,The Invisible Guest (2023),SUB,2024-02-13 12:57:06
153,The Goldfinger (2023),SUB,2024-02-13 12:56:31
154,Follow Bear to Adventure (2024),SUB,2024-02-12 15:38:07
155,Yasha My Deepest Love (2024),SUB,2024-02-12 00:43:07
156,The Curse of Turandot (2021),SUB,2024-02-09 16:42:55
157,Extras for Chasing The Dragon (2023),SUB,2024-02-09 01:08:58
158,YinYang Crossborder Person (2023),SUB,2024-02-09 01:08:21
159,12.12: The Day (2023),SUB,2024-02-09 01:06:48
160,Gifted (2014),SUB,2024-02-07 15:05:26
161,The Four Vampires (2018),SUB,2024-02-01 22:29:14
162,"Takumi-kun Series 5: That, Sunny Blue Sky (2011)",SUB,2024-02-01 22:28:49
163,Takumi-kun Series 4: Pure (2010),SUB,2024-02-01 22:27:40
164,Takumi-kun Series 3: The Beauty of Detail (2010),SUB,2024-02-01 22:26:57
165,Takumi-kun Series 2: Rainbow Colored Glass (2009),SUB,2024-02-01 22:26:32
166,No More Bets (2023),SUB,2024-02-01 16:48:31
167,Twilight Cinema Blues (2023),SUB,2024-01-30 23:23:49
168,One and Only (2023),SUB,2024-01-28 04:56:06
169,Swimming in the Dark (2022),SUB,2024-01-28 03:42:33
170,Bursting Point (2023),SUB,2024-01-26 16:55:02
171,Badland Hunters (2024),SUB,2024-01-26 06:06:00
172,The Dream Songs (2022),SUB,2024-01-25 23:11:41
173,Legend of the Mermaid: Human Love (2024),SUB,2024-01-24 22:43:41
174,Desperado (2024),SUB,2024-01-24 18:20:30
175,In the Head (2024),RAW,2024-01-24 17:33:23
176,Ichikei's Crow: The Movie (2023),RAW,2024-01-24 00:36:56
177,Seven Killings (2023),SUB,2024-01-22 00:42:02
178,The Dry Spell (2023),SUB,2024-01-21 08:06:19
179,Oresama (2004),SUB,2024-01-21 06:27:23
180,Kamen Rider Geats: 4 Aces and the Black Fox (2023),SUB,2024-01-21 06:13:57
181,Shinnyushatachi no Bansan (2024),SUB,2024-01-19 22:19:17
182,Tokyo Revengers 2: Bloody Halloween - Destiny (2023),SUB,2024-01-19 22:18:57
183,Border 2: Shokuzai,SUB,2024-01-19 19:54:43
184,Your Home is My Business SP,SUB,2024-01-19 19:53:43
185,I Am Here (2023),SUB,2024-01-18 13:28:00
186,Youth (2023),SUB,2024-01-17 06:52:22
187,Dragon Hunting King (2024),SUB,2024-01-17 06:26:10
188,River (2023),SUB,2024-01-16 18:31:56
189,Man in Black (2023),SUB,2024-01-16 14:29:44
190,Crypto Storm (2024),SUB,2024-01-16 14:29:25
191,Ninja vs Shark (2023),SUB,2024-01-15 18:00:32
192,Immersion (2023),SUB,2024-01-15 13:14:08
193,How to Find Happiness (2022),SUB,2024-01-15 00:41:37
194,Ice Cream Fever (2023),SUB,2024-01-14 17:44:15
195,Hopeless (2023),SUB,2024-01-14 16:15:05
196,Across the Furious Sea (2023),SUB,2024-01-13 06:58:33
197,Norwegian Wood (2010),SUB,2024-01-12 21:14:27
198,Mad Cats (2023),SUB,2024-01-11 22:29:28
199,Chang Le Zhen Gui Shi (2024),SUB,2024-01-11 14:51:03
200,G-Men (2023),RAW,2024-01-10 18:14:14
201,After Sundown (2023),SUB,2024-01-10 13:49:47
202,Kingdom 3: Flame of Destiny (2023),SUB,2024-01-09 18:13:56
203,Rebound (2023),SUB,2024-01-09 14:22:14
204,Super Family (2023),SUB,2024-01-08 14:56:34
205,Lost in the Stars (2023),SUB,2024-01-08 14:55:55
206,"One Second Ahead, One Second Behind (2023)",SUB,2024-01-07 17:59:13
207, The Battle for Justice (2023),SUB,2024-01-06 02:29:24
208,Monster (2023),SUB,2024-01-06 00:16:02
209,Sagrada Reset: Part II,SUB,2024-01-05 17:16:23
210,The Exam (1999),RAW,2024-01-05 00:43:15
211,Back To The Tomorrow (2023),RAW,2024-01-04 23:18:53
212,Live Stream (2023),SUB,2024-01-04 18:29:50
213,The Wild (2023),SUB,2024-01-04 18:20:29
214,easy money (2024),RAW,2024-01-04 17:58:13
215,Be My Family (2023),SUB,2024-01-03 14:58:20
216,Under the Light (2023),SUB,2024-01-03 14:57:55
217,New Normal (2022),RAW,2024-01-03 00:44:46
218,Unparalleled Yanshi: Gracious Master of Emei (2018),SUB,2024-01-02 23:39:51
219,The Hole (1997),SUB,2024-01-02 23:24:39
220,World's Greatest Dad (2023),RAW,2024-01-02 16:13:47
221,The Adventures (2023),SUB,2024-01-02 16:12:59
222,Who's the Suspect (2023),SUB,2024-01-02 16:12:09
223,The Volunteers: To the War (2023),SUB,2024-01-01 16:08:47
224,Moscow Mission (2023),SUB,2024-01-01 14:47:36
225,Toxic Parents (2023),SUB,2023-12-31 19:25:02
226,The Abandoned (2023),SUB,2023-12-31 06:01:34
227,Journey to the West (2023),SUB,2023-12-29 02:05:53
228,The Forbidden Play (2023),SUB,2023-12-28 18:50:10
229,Bad Lands (2023),SUB,2023-12-28 18:20:03
230,Green Night (2023),SUB,2023-12-28 14:10:33
231,Cobweb (2023),SUB,2023-12-28 13:26:39
232,The Serpent's Song (2017),SUB,2023-12-28 13:26:16
233,Mondo (2023),SUB,2023-12-28 05:36:21
234,Miss Shampoo (2023),SUB,2023-12-28 05:35:43
235,Unforgivable (2023),RAW,2023-12-27 05:22:07
236,Persona: Sulli (2023),SUB,2023-12-26 23:44:14
237,Sing in Love (2022),SUB,2023-12-26 17:07:09
238,Its Remains (2023),SUB,2023-12-24 17:55:49
239,Hero (2022) (KR),SUB,2023-12-22 19:58:59
240,Serve The People (2022),SUB,2023-12-22 19:52:31
241,Next Sohee (2022),SUB,2023-12-22 13:55:17
242,Big Sleep (2022),RAW,2023-12-22 06:38:11
243,Fights Break Sphere 2 (2023),SUB,2023-12-21 17:08:29
244,Loan Boy (2023),RAW,2023-12-21 17:08:04
245,Tales From The Occult: Body and Soul (2023),SUB,2023-12-20 18:26:06
246,Havana (2023),SUB,2023-12-20 18:25:53
247,Perfect Days (2023),SUB,2023-12-20 17:19:24
248,The Rope Curse 3 (2023),SUB,2023-12-18 05:04:23
249,Takumi-kun Series 1: And The Spring Breeze Whispers (2007),SUB,2023-12-18 03:29:18
250,Hello Ghost! (2023),SUB,2023-12-17 19:51:56
251,Don't Call It Mystery: The Movie (2023),SUB,2023-12-17 06:42:57
252,Long Distance (2023),RAW,2023-12-15 17:18:14
253,Our Secret Diary (2023),SUB,2023-12-14 22:04:59
254,Downfall (2023),SUB,2023-12-14 18:09:15
255,Love Life (2022),SUB,2023-12-14 17:37:29
256,Immortal-Slaying Knife (2023),SUB,2023-12-14 14:22:04
257, In Our Day (2023),SUB,2023-12-14 14:20:29
258,Tokyo MER: Mobile Emergency Room: The Movie (2023),RAW,2023-12-13 18:07:20
259,A Light Never Goes Out (2022),SUB,2023-12-13 15:53:29
260,The Man's Secret (2023),SUB,2023-12-13 14:58:26
261,Eye for an Eye 1 (2022),SUB,2023-12-13 14:23:56
262,Sleep (2023),SUB,2023-12-07 19:40:09
263,Weird Forest (2023),SUB,2023-12-07 07:17:19
264,Black Fox: Ultimate Rescue (2022),SUB,2023-12-07 07:14:57
265,Love Reset (2023),SUB,2023-12-06 22:25:24
266,Dead Silence (2023),SUB,2023-12-06 22:24:03
267,Ten Tigers of Guangdong: Invincible Iron Fist (2022),SUB,2023-12-06 22:23:53
268,Hail to Hell (2023),SUB,2023-12-06 19:31:14
269,The Preparation,SUB,2023-12-06 17:46:49
270,Karma (2015),SUB,2023-12-06 16:02:24
271,Doi Boy (2023),SUB,2023-12-06 07:26:25
272,Godzilla (1954),SUB,2023-12-06 05:45:25
273,She's From Another Planet (2023),RAW,2023-12-05 18:47:19
274,Devils (2023),SUB,2023-12-05 18:45:26
275,The Shadowless Tower (2023),SUB,2023-12-04 17:59:40
276,Never Say Never (2023),SUB,2023-12-03 14:09:34
277,3 Idiot Heroes (2023),SUB,2023-12-02 15:09:41
278,Quick Counterattack (2023),SUB,2023-12-01 22:53:07
279,Senritsu Kaiki World Kowasugi! (2023),RAW,2023-12-01 18:22:22
280,Red Shoes (2023),SUB,2023-12-01 18:22:07
281,Visitors (Complete Edition) (2023),SUB,2023-11-30 17:03:07
282,Flowers of Mold (2023),RAW,2023-11-30 02:53:07
283,Hard Days (2023),SUB,2023-11-30 02:52:19
284,The Narrow Road (2022),SUB,2023-11-28 19:16:50
285,Ring Wandering (2022),SUB,2023-11-28 19:06:42
286,Welcome to Bongtaeri (2023),RAW,2023-11-27 07:38:34
287,The Boys (2022),RAW,2023-11-26 23:22:57
288,Ginga Tetsudo no Chichi (2023),SUB,2023-11-26 18:18:59
289,Open The Door (2023),RAW,2023-11-26 14:45:41
290,Honey Sweet (2023),SUB,2023-11-23 17:41:16
291,Dr. Cheon and Lost Talisman (2023),SUB,2023-11-23 17:40:55
292,Family (2023),SUB,2023-11-23 13:36:26
293,Brave Citizen (2023),SUB,2023-11-23 07:13:36
294,Fights Break Sphere (2023),SUB,2023-11-21 22:22:56
295,Imprisoned Ⅱ : There is No Escape from Fate (2023),RAW,2023-11-19 16:59:43
296,Hearty Paws 1 (2006),SUB,2023-11-19 13:05:56
297,Do You See Seoul? (2008),SUB,2023-11-19 13:05:41
298,#Manhole (2023),SUB,2023-11-17 19:52:11
299,Believer 2 (2023),SUB,2023-11-17 00:54:08
300,A Man of Reason (2023),SUB,2023-11-16 18:16:12
301,The New Employee: The Movie (2023),SUB,2023-11-16 18:15:56
302,Snaker in Golden (2023),SUB,2023-11-16 13:01:10
303,A Tour Guide (2023),RAW,2023-11-16 08:18:44
304,In Love and Deep Water (2023),SUB,2023-11-16 04:12:08
305,Where to Go (2018),SUB,2023-11-15 22:27:46
306,Flare (2014),RAW,2023-11-15 22:27:22
307,Boston 1947 (2023),SUB,2023-11-15 18:34:20
308,Congrats My Ex! (2023),SUB,2023-11-15 13:57:40
309,Aki wa Haru to Gohan wo Tabetai (2023),SUB,2023-11-15 00:28:16
310,Kazuo Umezu's Horror Theater: Bug's House (2005),SUB,2023-11-14 13:10:57
311,Tainted Love (2023),SUB,2023-11-14 07:29:49
312,Fight Through The Yin-Yang House (2023),SUB,2023-11-14 07:29:39
313,The X-Treme Riders (2023),SUB,2023-11-13 13:50:36
314,Happy Merry Ending (Movie) (2023),SUB,2023-11-13 13:49:37
315,New Love Story in New York (2004),RAW,2023-11-12 17:47:30
316,Yudo (2023),SUB,2023-11-10 00:06:24
317,A Lonely Island in the Distant Sea (2021),RAW,2023-11-09 07:19:02
318,Godspeed (2023),SUB,2023-11-08 23:05:05
319,The Legend of the Condor Heroes: The Dragon Tamer (2021),SUB,2023-11-08 14:32:21
320,Broken Commandment (2022),RAW,2023-11-07 23:58:55
321,Someone You Loved (2023),SUB,2023-11-05 18:05:42
322,Don't Tell Papa (2004),SUB,2023-11-05 10:02:58
323,Bad Daddy (2018),SUB,2023-11-04 01:51:03
324,Eye of the Storm (2023),SUB,2023-11-03 19:02:12
325,Where Would You Like to Go? (2023),SUB,2023-11-02 23:21:40
326,My Precious (2023),SUB,2023-11-02 20:53:40
327,Knuckle Girl (2023),SUB,2023-11-01 18:58:39
328,The Procurator (2023),SUB,2023-11-01 17:10:46
329,In Dream (2023),SUB,2023-10-30 02:07:26
330,Girl Wrighter (2023),RAW,2023-10-27 07:25:13
331,Doom Doom (2021),RAW,2023-10-27 07:24:22
332,Lovers' Kiss (2003),RAW,2023-10-27 07:23:36
333,Target (2023),SUB,2023-10-26 07:51:40
334,The Contact (1997),SUB,2023-10-26 00:39:39
335,Long Live Love (2023),SUB,2023-10-25 20:34:23
336,Operation Mekong (2016),SUB,2023-10-25 18:27:58
337,The Turning Road (2017),SUB,2023-10-25 18:23:37
338,The Running Actress (2017),RAW,2023-10-25 18:21:06
339,Raid on the Lethal Zone (2023),SUB,2023-10-23 06:33:58
340,City of Fathers (2009),SUB,2023-10-19 17:53:21
341,Tomorrow x Together: Our Lost Summer (2023),SUB,2023-10-19 17:52:40
342,Ghost Rookie (2023),SUB,2023-10-18 14:49:43
343,Blue Again (2022),SUB,2023-10-17 18:40:35
344,Shylock's Children (2023),RAW,2023-10-16 07:49:09
345,Everything is Unknown (2023),SUB,2023-10-16 01:26:54
346,Smugglers (2023),SUB,2023-10-15 19:55:19
347,Water Flowing to the Sea (2023),SUB,2023-10-15 18:44:06
348,Once Upon a Star (2023),SUB,2023-10-11 06:01:30
349,The Breaking Ice (2023),SUB,2023-10-09 19:35:07
350,The Limit (2022),RAW,2023-10-09 07:10:16
351,Kamen Rider: Beyond Generations (2021),SUB,2023-10-09 06:59:28
352,For The New Emperor (2020),SUB,2023-10-09 01:25:09
353,Flaming Cloud (2023),SUB,2023-10-08 05:57:28
354,As Long As We Both Shall Live (2023),SUB,2023-10-06 19:46:21
355,Ballerina (2023),SUB,2023-10-06 05:43:15
356,Kitty the Killer (2023),SUB,2023-10-05 18:28:33
357,Baby Assassins 2 Babies (2023),SUB,2023-10-04 18:34:28
358,We Make Antiques! 3 (2023),SUB,2023-10-02 20:54:53
359,The Book and the Sword (2023),SUB,2023-10-02 20:54:31
360,This Child Is Evil (2022),SUB,2023-09-27 23:13:08
361,Creation of the Gods I: Kingdom of Storms (2023),SUB,2023-09-27 19:47:27
362,Concrete Utopia (2023),SUB,2023-09-27 19:44:04
363,Windmill (2023),RAW,2023-09-27 18:41:07
364,Conjuring Curse (2023),SUB,2023-09-26 23:19:37
365,Our Dating Sim Movie (2023),SUB,2023-09-26 19:50:37
366,The Thousand Faces of Feijia (2023),SUB,2023-09-22 08:07:46
367,Fantasy Magician 2 (2023),SUB,2023-09-22 08:04:52
368,Dragon Quest: The Soul Coffin (2023),SUB,2023-09-22 08:04:34
369,Dragon Sword: Ancient Battlefield (2023),SUB,2023-09-22 08:04:24
370,Liao Zhai Fox Spirit: Spoony Woman (2023),SUB,2023-09-22 08:02:26
371,Tale of the Mural (2023),SUB,2023-09-22 07:59:44
372,Soul of Light (2023),SUB,2023-09-22 07:59:30
373,Wedding High (2022),RAW,2023-09-19 19:56:46
374,My Tempo (2022),SUB,2023-09-19 19:12:11
375,Thunder Monk (2023),SUB,2023-09-19 17:36:06
376,Stone Skipping (2020),SUB,2023-09-18 21:42:03
377,League of Gods: Zhou Destruction (2023),SUB,2023-09-18 21:41:37
378,Ransomed (2023),SUB,2023-09-18 21:41:18
379,The Warlords (2007),RAW,2023-09-17 07:40:06
380,Legend of Hunter 2: Forest of Reincarnation (2023),SUB,2023-09-17 07:21:27
381,Like a Virgin (2006),SUB,2023-09-15 04:21:59
382,Tales of Nobody (2023),RAW,2023-09-15 04:21:13
383,On the Edge (2022),RAW,2023-09-15 00:56:36
384,Death Notice (2023),RAW,2023-09-14 18:51:39
385,Once Upon a Crime (2023),SUB,2023-09-14 02:29:17
386,Someday or One Day: The Movie (2022),SUB,2023-09-14 00:11:29
387,My Beautiful Man: Eternal (2023),SUB,2023-09-12 08:25:05
388,The River (2023),SUB,2023-09-10 15:33:30
389,Count (2023),SUB,2023-09-10 15:33:09
390,Invisible (2023),SUB,2023-09-08 19:16:58
391,Awake (2022),SUB,2023-09-08 18:22:40
392,Tricksters (2023),SUB,2023-09-07 19:22:46
393,Nemesis: The Mystery of the Golden Spiral (2023),RAW,2023-09-05 23:56:57
394,The Comeback (2023),SUB,2023-09-05 23:56:30
395,Super Daddy (2023),SUB,2023-09-05 23:56:17
396,Lop Nor Tomb (2023),SUB,2023-09-05 00:40:31
397,North East Police Story 2 (2023),SUB,2023-09-04 00:49:21
398,White Fox Love Affair (2023),SUB,2023-09-03 19:50:13
399,Gate,SUB,2023-09-02 05:04:23
400,The Moon (2023),SUB,2023-08-30 18:21:20
401,Lamb Game (2023),SUB,2023-08-28 19:31:45
402,Born to Fly (2023),SUB,2023-08-27 20:01:00
403,Do Unto Others (2023),SUB,2023-08-27 19:57:57
404,Pure White,SUB,2023-08-24 20:43:24
405,See Hear Love: Mienakute mo Kikoenakute mo Aishiteru (2023),SUB,2023-08-23 20:35:58
406,The Hill of Secrets (2022),RAW,2023-08-23 19:30:53
407,My Worst Neighbor (2023),SUB,2023-08-22 18:59:05
408,Love Never Ends (2023),SUB,2023-08-21 00:09:00
409,Ping-Pong: The Triumph (2023),SUB,2023-08-21 00:08:48
410,Detective Dee and The Dragon of Fire (2023),SUB,2023-08-20 07:06:26
411,The Devildom Elephant Man (2023),SUB,2023-08-20 07:06:10
412,Streamer (2023),SUB,2023-08-20 07:05:47
413,The Girl of Destiny (2023),SUB,2023-08-19 08:43:16
414,Sayounara Konbanwa (2022),SUB,2023-08-19 08:22:50
415,Mondays (2022),SUB,2023-08-16 17:31:10
416,Stay With Me (2022),SUB,2023-08-14 00:43:50
417,Silent Parade (2022),SUB,2023-08-11 00:05:46
418,Otona Najimi (2023),RAW,2023-08-11 00:04:43
419,Offbeat Cops (2022),RAW,2023-08-11 00:04:13
420,The Puppet (2023),SUB,2023-08-10 20:46:39
421,Ghost Book (2022),SUB,2023-08-10 20:46:20
422,Black Night Parade (2022),SUB,2023-08-10 20:45:15
423,Marry My Dead Body (2023),SUB,2023-08-10 06:50:50
424,Home for Rent (2023),SUB,2023-08-10 01:23:47
425,The White Storm 3: Heaven or Hell (2023),SUB,2023-08-09 18:42:42
426,Forbidden Zone (2023),SUB,2023-08-03 08:25:16
427,Zom 100: Bucket List of the Dead (2023),SUB,2023-08-03 08:24:32
428,Cicadas (2022),SUB,2023-07-30 23:34:13
429,Scamsgiving (2023),SUB,2023-07-30 08:38:55
430,The Childe (2023),SUB,2023-07-29 01:18:49
431,"Brats, Be Ambitious! (2023)",RAW,2023-07-28 17:34:25
432,The Murderer (2023),SUB,2023-07-27 20:01:19
433,Lady (2023),RAW,2023-07-27 18:40:51
434,Killing Romance (2023),SUB,2023-07-26 20:00:02
435,The Zen Diary (2022),SUB,2023-07-23 23:41:16
436,A Guilty Conscience (2023),SUB,2023-07-23 19:02:36
437,The Contorted House (2021),SUB,2023-07-20 18:25:18
438,Shin Kamen Rider (2023),SUB,2023-07-20 18:24:58
439,My Heart Puppy (2023),SUB,2023-07-20 08:55:49
440,Say Yes Again (2022),SUB,2023-07-19 15:40:38
441,White Snake (2019),SUB,2023-07-19 04:03:29
442,Hachiko (2023),SUB,2023-07-15 16:17:38
443,The Assassin (2023),SUB,2023-07-14 07:38:17
444,Hoon Payon (2023),SUB,2023-07-13 18:38:42
445,Kill the Drug Lords (2023),RAW,2023-07-13 07:36:54
446,Cross the Battlefield (2023),RAW,2023-07-09 08:01:10
447,Buaphan Fan Yap (2022),RAW,2023-07-08 02:44:50
448,Thid Noi (2023),RAW,2023-07-08 02:44:25
449,Asura (2023),RAW,2023-07-06 17:44:53
450,Citizen Pane (2023),RAW,2023-07-06 17:44:43
451,Goddamned Asura (2022),SUB,2023-07-06 17:43:12
452,A Man (2022),SUB,2023-07-05 19:19:45
453,The Roundup: No Way Out (2023),SUB,2023-07-04 17:40:43
454,Journey to the Shore (2020),SUB,2023-07-04 01:43:47
455,Phases of the Moon (2022),SUB,2023-07-03 21:28:01
456,Exist Within (2022),SUB,2023-07-03 19:05:23
457,Dream Palace (2022),RAW,2023-07-01 14:59:30
458,Faces in the Crowd (2023),SUB,2023-06-30 07:05:09
459,Inhuman Kiss 2 (2023),SUB,2023-06-30 01:33:36
460,Egoist (2023),SUB,2023-06-29 01:45:21
461,Butterfly Effect (2023),RAW,2023-06-28 07:59:27
462,The Hand (2023),RAW,2023-06-27 01:46:21
463,Dream (2023),SUB,2023-06-27 01:45:43
464,All These Years (2023),SUB,2023-06-22 17:19:01
465,Ride On (2023),SUB,2023-06-20 21:05:14
466,Evil Spider (2023),SUB,2023-06-18 03:33:20
467,The Village (2023),SUB,2023-06-16 15:16:11
468,Motherhood (2022) (JP),SUB,2023-06-16 15:12:48
469,What She Likes (2021),SUB,2023-06-05 07:49:30
470,The Ghost Station (2023),SUB,2023-05-31 00:06:48
471,Highway Family (2022),SUB,2023-05-30 08:01:55
472,Yesterday Once More (2023),SUB,2023-05-29 18:47:33
473,The Legend & Butterfly (2023),SUB,2023-05-27 08:45:31
474,Flash Over (2022),SUB,2023-05-23 07:18:01
475,Switch (2023),SUB,2023-05-17 18:00:13
476,Full River Red (2023),SUB,2023-05-15 19:00:11
477,Hontoni Atta Kowai Hanashi,RAW,2023-05-13 06:09:15
478,Kirei 〜 The Woman Who Met Up With God 〜 (2019),RAW,2023-05-13 05:57:17
479,Sincerite (2017),RAW,2023-05-13 05:53:24
480,NHK Butterfly Effect (2022),RAW,2023-05-13 05:52:54
481,You & Me & Me (2023),SUB,2023-05-10 18:53:09
482,Bakumatsu Without Honor and Humanity (2023),RAW,2023-05-09 19:29:31
483,Ajoomma (2022),SUB,2023-05-07 20:25:26
484,Swallow (2023),RAW,2023-05-03 09:11:28
485,Radiation House: The Movie (2022),SUB,2023-05-02 19:18:27
486,Yo nimo Kimyou na Monogatari: 2014 Fall Special (2014),SUB,2023-05-01 06:31:32
487,Fantastic Girls,SUB,2023-04-28 23:28:38
488,Brother (2021),SUB,2023-04-28 23:28:03
489,Another Way,SUB,2023-04-28 23:27:09
490,"Tokyo Tower: Mom and Me, and Sometimes Dad Special (2006)",RAW,2023-04-28 06:10:43
491,Toki wa Tachidomaranai (2014),RAW,2023-04-28 06:09:47
492,Honto ni Atta Kowai Hanashi 2020 (2020),RAW,2023-04-28 06:09:13
493,Renai Shousetsu (2004),RAW,2023-04-28 00:27:02
494,Their Christmas (2002),RAW,2023-04-27 18:05:01
495,Boogie Nights (2022),SUB,2023-04-26 08:54:48
496,Daemuga: Sorrow and Joy (2022),SUB,2023-04-24 23:51:29
497,The Devil's Deal (2023),SUB,2023-04-24 23:51:08
498,Behind the Blue Eyes (2023),SUB,2023-04-24 06:29:52
499,A Far Shore (2023),SUB,2023-04-22 08:05:44
500,Suga: Road to D-Day (2023),SUB,2023-04-21 20:16:05
501,Soulmate (2023),SUB,2023-04-20 07:36:23
502,Hidden Blade (2023),SUB,2023-04-18 19:39:11
503,Cafe Midnight: Missing Honey (2022),SUB,2023-04-14 08:01:37
504,Golden Escape (2022),SUB,2023-04-13 08:40:29
505,Life Must Go On (2022),SUB,2023-04-13 08:40:23
506,A Murder Erased (2022),SUB,2023-04-13 08:40:16
507,I Want to Know Your Parents (2022),SUB,2023-04-13 08:39:28
508,Marui Video (2023),SUB,2023-04-10 18:01:18
509,Plan 75 (2022),SUB,2023-04-10 18:00:59
510,Convenience Story (2022),SUB,2023-04-09 23:49:36
511,Hunger (2023),SUB,2023-04-08 07:26:05
512,Koi wa Hikari (2022),RAW,2023-04-06 07:17:52
513,True Accident Property Part 2 / Annihilation (2022),RAW,2023-04-05 08:13:00
514,The Lines that Define Me (2022),SUB,2023-04-04 08:31:53
515,Love Mooning (2021),SUB,2023-04-04 08:30:03
516,Snowball (2021),SUB,2023-03-31 20:46:44
517,Kill Bok Soon (2023),SUB,2023-03-31 03:54:30
518,A Song for My Dear (2023),RAW,2023-03-29 07:35:33
519,Missing You (2016),SUB,2023-03-27 07:08:12
520,The Turtle Island (2021),SUB,2023-03-27 07:07:37
521,Ping-Pong of China (2023),SUB,2023-03-23 08:09:26
522,Good Deal (2022),SUB,2023-03-20 00:31:03
523,The Cheese Sisters (2022),SUB,2023-03-16 23:07:39
524,The Lake (2022),SUB,2023-03-16 23:07:16
525,Honest Candidate 2 (2022),SUB,2023-03-13 17:35:05
526,Tibetan Raiders (2022),SUB,2023-03-12 21:49:51
527,Anata no Ban Desu SP (2021),RAW,2023-03-10 22:34:19
528,The Confidence Man JP: Episode of the Hero (2022),SUB,2023-03-08 18:19:02
529,Phantom (2023),SUB,2023-03-05 19:41:46
530,Grown-ups (2022),SUB,2023-03-04 06:15:08
531,Gentleman (2022),SUB,2023-03-01 17:14:15
532,The Sparring Partner (2022),SUB,2023-02-27 07:01:58
533,When Our Love Remains As Scent (2023),RAW,2023-02-27 05:54:17
534,Even if This Love Disappears From the World Tonight (2022),SUB,2023-02-26 14:02:36
535,Anime Supremacy! (2022),SUB,2023-02-26 14:02:10
536,The Point Men (2023),SUB,2023-02-26 14:01:40
537,Call Me Chihiro (2023),SUB,2023-02-23 05:48:41
538,Yanagawa (2022),RAW,2023-02-22 07:34:33
539,The Goblin (2022),SUB,2023-02-19 10:16:30
540,Detective Chen (2022),SUB,2023-02-17 17:57:13
541,J-Hope in the Box (2023),SUB,2023-02-17 15:19:06
542,Unlocked (2023),SUB,2023-02-17 05:56:13
543,OMG! Oh My Girl (2022),SUB,2023-02-16 07:07:17
544,Through My Midwinter (2022),RAW,2023-02-15 17:30:33
545,Office Cooking (2022),RAW,2023-02-15 17:29:22
546,Re/Member (2022),SUB,2023-02-15 17:06:33
547,Ichigeki (2023),SUB,2023-02-14 14:33:53
548,Adulting at Eighteen (2023),RAW,2023-02-14 07:23:24
549,HiGH&LOW THE WORST Cross (2022),RAW,2023-02-11 07:53:56
550,Lesson in Murder (2022),RAW,2023-02-10 22:04:21
551,To the World with You (2022),SUB,2023-02-10 22:04:01
552,Ditto (2022),SUB,2023-02-10 01:18:23
553,Tomorrow's Dining Table (2021),SUB,2023-02-09 19:57:46
554,Sakra (2023),SUB,2023-02-07 17:54:58
555,"Brother, Android and Me (2022)",RAW,2023-02-07 17:54:30
556,The Voice of Sin (2020),RAW,2023-02-05 23:33:14
557,Legend of Lord of Heaven (2019),RAW,2023-02-05 23:32:49
558,Little Blue (2022),SUB,2023-02-01 17:16:21
559,Check Out: The Movie (2023),SUB,2023-01-31 17:24:38
560,The Owl (2022),SUB,2023-01-31 06:55:26
561,Ai Long Nhai: The Endless Love (2023),SUB,2023-01-31 06:54:41
562,Alivehoon (2022),RAW,2023-01-30 17:56:42
563,Walk Up (2022),SUB,2023-01-30 17:56:19
564,Faces of Anne (2022),SUB,2023-01-30 13:09:30
565,Oh! My Assistant (Movie) (2023),SUB,2023-01-23 16:53:12
566,The Gossip (2021),SUB,2023-01-23 16:22:35
567,Goodbye Cruel World (2022),SUB,2023-01-22 07:07:29
568,Decibel (2022),SUB,2023-01-22 07:06:41
569,Sniper: Vengeance (2023),SUB,2023-01-22 03:05:05
570,The Post-Truth World (2022),SUB,2023-01-21 06:34:18
571,Gangnam Zombie (2023),SUB,2023-01-20 07:38:50
572,Jung_E (2023),SUB,2023-01-20 01:17:56
573,Akira and Akira (2022),RAW,2023-01-18 12:38:32
574,Tonbi (2022),SUB,2023-01-18 12:38:09
575,The Boy Inside (2012),RAW,2023-01-16 23:42:26
576,Table for Six (2022),SUB,2023-01-16 17:59:10
577,Indian Pink (2021),RAW,2023-01-15 07:17:18
578,Tetsujin 28 (2005),RAW,2023-01-15 03:18:14
579,Boy Meets Boy (2008),RAW,2023-01-14 23:55:03
580,Sadako DX (2022),SUB,2023-01-12 00:50:27
581,Hagoku (2017),RAW,2023-01-10 23:21:57
582,Rampo Noir (2005),RAW,2023-01-10 23:21:43
583,Kindaichi Kosuke vs. Akechi Kogoro Futatabi (2014),RAW,2023-01-10 22:47:37
584,Hula Girls (2006),SUB,2023-01-10 22:47:18
585,Yin and Yang Painted Skin (2022),SUB,2023-01-09 18:41:11
586,"Yes, I Can’t Swim (2022)",SUB,2023-01-07 05:34:53
587,Serendipity Love (2022),RAW,2023-01-06 22:32:54
588,Tang and Me (2022),RAW,2023-01-05 23:17:18
589,Kingdom 2: To the Far Land (2022),SUB,2023-01-05 22:04:59
590,My Broken Mariko (2022),SUB,2023-01-04 07:05:15
591,Tales from the Occult (2022),SUB,2023-01-03 17:34:10
592,A Christmas Carol (2022),SUB,2023-01-03 17:32:07
593,20-Year-Old Soul (2022),SUB,2023-01-02 20:07:19
594,Body 19 (2007),SUB,2023-01-02 17:48:07
595,The Angel's Time (2018),RAW,2023-01-02 17:47:48
596,Life is Beautiful (2022),SUB,2023-01-02 07:49:35
597,The Bandage Club (2007),RAW,2023-01-01 06:00:31
598,The Fire Phoenix (2021),RAW,2023-01-01 05:59:31
599,Dark World (2021),SUB,2023-01-01 05:57:49
600,The All-Out Nine: Field of Nightmares (2005),RAW,2023-01-01 05:57:02
601,Presents: Sea Urchin Rice Cracker (2007),RAW,2023-01-01 05:56:39
602,Nodame Cantabile: The Final Score - Part II (2010),RAW,2022-12-29 05:59:34
603,Nodame Cantabile: The Final Score - Part I (2009),RAW,2022-12-29 05:59:11
604,River of First Love (2004),SUB,2022-12-29 05:57:18
605,Bunny Drop (2011),SUB,2022-12-29 05:56:51
606,Sugar and Spice (2006),SUB,2022-12-29 05:54:17
607,Olympic no Minoshirokin (2013),SUB,2022-12-29 05:52:01
608,Noise (2022),SUB,2022-12-27 20:49:44
609,The Hunk Is the Color Orange (2022),SUB,2022-12-23 17:22:33
610,The Cases of Disappearances (2022),SUB,2022-12-23 00:36:19
611,Kisaragi Station (2022),SUB,2022-12-20 19:24:42
612,Fairy (2021),RAW,2022-12-20 04:53:48
613,Route 1 (2022),RAW,2022-12-20 04:52:05
614,Confession (2022),SUB,2022-12-18 17:29:16
615,Baragaki: Unbroken Samurai (2021),SUB,2022-12-18 17:27:19
616,Home Coming (2022),RAW,2022-12-18 17:26:58
617,Hell Dogs (2022),SUB,2022-12-18 17:26:30
618,Zenkamono (2022),SUB,2022-12-18 07:21:22
619,Kobe Shinbun no Nanokakan (2010),RAW,2022-12-18 05:38:18
620,I Will Fly to the Sky on a Wheelchair! (2012),SUB,2022-12-18 05:37:32
621,The Princess Blade (2001),SUB,2022-12-18 05:23:05
622,The Unborn Child (2011),SUB,2022-12-18 05:22:23
623,"Goodbye, Dragon Inn (2003)",SUB,2022-12-18 05:21:25
624,The Mole Song: Final (2021),RAW,2022-12-18 05:20:28
625,Moneyboys (2021),SUB,2022-12-18 05:19:37
626,Harmful Insect (2001),SUB,2022-12-18 05:17:46
627,Tomie: Replay (2000),SUB,2022-12-18 05:17:11
628,Beauty and the Fist (2019),RAW,2022-12-18 02:30:20
629,Swing Girls (2004),SUB,2022-12-18 02:22:19
630,Ao to Shiro de Mizuiro (2001),SUB,2022-12-18 02:12:09
631,Tomie: The Final Chapter - Forbidden Fruit (2002),SUB,2022-12-18 02:11:20
632,Tomie: Beginning (2005),SUB,2022-12-18 02:09:58
633,Tomie: Revenge (2005),SUB,2022-12-18 02:09:26
634,Tomie vs Tomie (2007),SUB,2022-12-18 02:08:55
635,Tomie Unlimited (2011),RAW,2022-12-18 01:07:01
636,Life of Hae Oak (2022),RAW,2022-12-16 22:25:09
637,The One Hundred (2022),SUB,2022-12-13 23:25:38
638,Ghost Blowing Lamp of the Popeye Man (2022),SUB,2022-12-10 21:03:32
639,Semantic Error: The Movie (2022),SUB,2022-12-09 01:21:40
640,Minxiong Haunted House (2022),SUB,2022-12-07 18:57:10
641,Ox-Head Village (2022),SUB,2022-12-07 18:55:27
642,A Sealed Book (2022),SUB,2022-12-06 23:37:11
643,My Small Land (2022),SUB,2022-12-06 19:22:45
644,The Pass: Last Days of the Samurai (2022),RAW,2022-12-04 22:25:31
645,Winter Rose (2022),RAW,2022-12-04 06:20:31
646,School Tales (2017),SUB,2022-12-03 14:00:12
647,Box! (2010),SUB,2022-12-03 13:59:50
648,Does the Flower Bloom? (2018),SUB,2022-12-03 13:59:17
649,Negative Happy Chainsaw Edge (2008),SUB,2022-12-03 13:58:47
650,Tsuyukusa (2022),RAW,2022-12-03 07:06:40
651,A Day in Tongyeong (2022),RAW,2022-12-03 07:06:23
652,The Warrior from Sky (2021),SUB,2022-12-03 05:32:07
653,Seolhwa (2020),RAW,2022-12-03 05:20:41
654,Shibuya Maruyama Story (2007),RAW,2022-12-03 05:19:08
655,Angel's Egg (2006),SUB,2022-12-02 19:31:20
656,Worst By Chance (2003),RAW,2022-12-02 19:31:01
657,Warriors of Future (2022),SUB,2022-12-02 14:44:48
658,Starting Over (2014),SUB,2022-12-02 14:00:46
659,The Great Yokai War (2005),SUB,2022-12-02 14:00:25
660,Vanishing (2022),RAW,2022-12-02 13:57:38
661,Sisters on the Road (2009),RAW,2022-12-02 13:57:03
662,"Fly High, Run Far (1991)",RAW,2022-12-02 13:56:40
663,Next Door (2022),RAW,2022-11-30 22:12:20
664,"Hot in Day, Cold at Night (2022)",RAW,2022-11-30 22:12:00
665,Remember (2022),SUB,2022-11-30 22:11:24
666,Love Destiny The Movie (2022),SUB,2022-11-30 18:57:26
667,Happy Ending (2022) (Thailand),SUB,2022-11-28 20:56:07
668,Third Time Lucky (2021),SUB,2022-11-27 17:51:45
669,Give Me Five (2022),RAW,2022-11-25 22:43:22
670,My Blue Summer (2022),SUB,2022-11-25 07:03:17
671,Reunion 2: Mystery of the Abyss (2022),SUB,2022-11-23 19:00:01
672,The Yellow Sea (2010),SUB,2022-11-23 00:07:13
673,A Bride for Rip Van Winkle (2016),SUB,2022-11-23 00:06:53
674,Cinema Street (2021),RAW,2022-11-21 12:49:05
675,Journey to the North (2022),SUB,2022-11-20 17:29:03
676,Urban Myths: Tooth Worms (2022),SUB,2022-11-20 17:28:43
677,Paper Beauty (2022),SUB,2022-11-20 17:28:27
678,Ordinary Hero (2022),SUB,2022-11-20 07:01:21
679,The Mystic Nine: Qing Shan Hai Tang (2022),SUB,2022-11-20 07:00:32
680,Wandering (2022),SUB,2022-11-19 13:53:20
681,The Violence Action (2022),SUB,2022-11-19 06:38:53
682,6/45 (2022),SUB,2022-11-18 01:22:31
683,Life Back Then (2011),SUB,2022-11-17 16:15:29
684,Detective Mitarai's Casebook: The Clockwork Current (2016),RAW,2022-11-17 16:14:16
685,Three Summer Night (2015),RAW,2022-11-17 05:44:35
686,Gokushufudou Bakusho! Kachikomi SP (2022),SUB,2022-11-17 05:43:59
687,Dear Lena (2016),SUB,2022-11-17 05:43:28
688,Ten Months (2021),RAW,2022-11-17 05:42:51
689,The Banquet (2006),SUB,2022-11-17 05:40:46
690,The Lost Lotteries (2022),SUB,2022-11-16 23:55:31
691,OUT (2002),RAW,2022-11-15 18:06:44
692,Project Wolf Hunting (2022),SUB,2022-11-14 01:09:05
693,Mama Boy (2022),SUB,2022-11-13 18:34:00
694,Cherry Magic! Thirty Years of Virginity Can Make You a Wizard?!: The Movie (2022),SUB,2022-11-12 07:58:50
695,B Cut (2022),SUB,2022-11-11 19:09:49
696,Hideout (2022),RAW,2022-11-11 07:55:07
697,The Other Child (2022),RAW,2022-11-09 01:16:19
698,Tabi Suru Sandwich (2022),SUB,2022-11-08 05:15:36
699,The Great Illusionist 2 (2022),SUB,2022-11-07 19:09:05
700,Comeback Home (2022),SUB,2022-11-06 14:51:16
701,Time Slip! (2014),RAW,2022-11-05 06:51:44
702,You're So Precious to Me (2021),SUB,2022-11-05 06:38:48
703,Fearless Love (2022),SUB,2022-11-04 23:58:39
704,Hotel Lake (2020),SUB,2022-11-04 18:02:14
705,The Last Thieves (2019),RAW,2022-11-04 15:09:08
706,GOTH (2008),SUB,2022-11-04 15:08:47
707,"Come, Closer (2010)",SUB,2022-11-04 15:08:28
708,Mutant Tiger (2022),SUB,2022-11-04 09:12:35
709,The Dragon Nine (2022),SUB,2022-11-03 08:09:07
710,Tenshi no Iru Toshokan (2017),SUB,2022-11-03 07:07:49
711,Doppelganger (2003),SUB,2022-11-03 07:07:28
712,Blue (2003),SUB,2022-11-03 07:07:04
713,Tokyo Densetsu: Kyofu no Ningen Jigoku (2014),RAW,2022-11-03 07:06:40
714,Toire no Hanako-san: Shin Gekijoban (2013),RAW,2022-11-03 07:03:57
715,Kill Me Now (2022),RAW,2022-11-01 09:10:38
716,Confidential Assignment 2: International (2022),SUB,2022-10-30 18:13:04
717,Leio (2022),SUB,2022-10-28 20:07:54
718,FOX LOVE (2022),SUB,2022-10-28 09:06:33
719,The Mad Sword (2021),SUB,2022-10-28 09:05:28
720,The New Painted Skin (2022),SUB,2022-10-28 09:05:07
721,Love Collage (2003),SUB,2022-10-28 01:23:40
722,Burning (2022),SUB,2022-10-26 23:29:20
723,Kappei (2022),RAW,2022-10-25 20:57:20
724,xxxHOLiC (2022),SUB,2022-10-23 19:09:16
725,Detective vs. Sleuths (2022),SUB,2022-10-21 20:07:19
726,The Outsiders (2018),SUB,2022-10-21 19:03:27
727,Black Summer (2017),SUB,2022-10-21 19:03:04
728,Jackie Chan's First Strike Uncut,SUB,2022-10-21 14:23:31
729,20th Century Girl (2022),SUB,2022-10-21 07:38:46
730,Kanrikan King (2022),RAW,2022-10-21 06:36:07
731,HiGH&LOW The Movie 2: END OF SKY (2017),SUB,2022-10-21 06:35:47
732,Dream Maker (2022),RAW,2022-10-21 02:46:53
733,Come Back Home (2022),RAW,2022-10-19 08:36:24
734,The Fabric (2022),SUB,2022-10-15 08:25:27
735,How To Train Our Dragon,SUB,2022-10-14 18:12:51
736,Shin Ultraman (2022),SUB,2022-10-13 08:05:43
737,Usogui (2022),SUB,2022-10-12 07:26:30
738,Queen of Triads 3 (2022),SUB,2022-10-12 07:26:08
739,How to Win at Checkers (Every Time) (2015),SUB,2022-10-09 06:25:13
740,A Round Trip to Love Part 2 (2016),SUB,2022-10-09 06:24:51
741,Fanatic Love (2016),SUB,2022-10-09 06:22:46
742,Revivre,SUB,2022-10-08 10:22:24
743,Joo Yeon (2022),RAW,2022-10-06 08:30:55
744,What to Do with the Dead Kaiju? (2022),SUB,2022-10-03 07:02:47
745,Little Dragon Maiden (2022),SUB,2022-10-01 08:21:43
746,Hunt (2022) Movie,SUB,2022-09-29 20:57:59
747,Oh! My Ghost (2022),RAW,2022-09-29 20:57:42
748,Sexual Drive (2021),SUB,2022-09-27 07:54:00
749,Mekong Hotel (2012),RAW,2022-09-26 06:39:13
750,Body Jumper (2001),SUB,2022-09-25 02:57:24
751,The New Member (2022),SUB,2022-09-25 02:43:55
752,Fullmetal Alchemist: Final Transmutation (2022),SUB,2022-09-24 09:31:58
753,The Assassination of Nie Yinniang (2022),SUB,2022-09-22 20:18:36
754,Close To Love (2022),SUB,2022-09-19 00:15:46
755,The Fallen Bridge (2022),SUB,2022-09-17 00:04:03
756,Today and Me (2022),SUB,2022-09-12 03:38:58
757,Battlefield: Fall of The World (2022),SUB,2022-09-12 03:38:44
758,Love Can't Be Said (2022),SUB,2022-09-12 03:38:20
759,The President's Last Bang (2005),SUB,2022-09-11 23:42:24
760,Miss Conspirator (2012),SUB,2022-09-11 23:39:33
761,Bunt (2007),SUB,2022-09-11 23:33:18
762,Mama (2011),SUB,2022-09-11 23:30:32
763,Return (2007),SUB,2022-09-11 23:27:19
764,Almost Love (2022),SUB,2022-09-09 08:00:08
765,Emergency Declaration (2022),SUB,2022-09-07 07:16:23
766,Friend 2 (2013),SUB,2022-09-06 20:24:07
767,My Perfect Roommate (2022),SUB,2022-09-05 17:42:18
768,Di Renjie and the Flying Demon Head (2020),SUB,2022-09-05 08:14:06
769,Hansan: Rising Dragon (2022),SUB,2022-09-04 13:02:12
770,The Midnight Maiden War (2022),SUB,2022-09-03 09:02:18
771,Lighting Up The Stars (2022),SUB,2022-08-29 18:05:41
772,The Great Yokai War –Guardians– (2021),SUB,2022-08-28 20:17:26
773,Alienoid (2022),SUB,2022-08-28 19:30:55
774,Stellar: A Magical Ride (2022),SUB,2022-08-28 08:33:29
775,First Love (2007),SUB,2022-08-27 18:43:10
776,Pornographer: Playback (2021),SUB,2022-08-27 18:42:36
777,The Revenge Of Plant (2018),RAW,2022-08-27 18:41:59
778,Mr. Perfect (2014),SUB,2022-08-27 18:41:31
779,The Host (2006),SUB,2022-08-27 18:40:38
780,Toxic (2022),SUB,2022-08-27 18:39:49
781,Cassiopeia (2022),SUB,2022-08-27 08:37:12
782,The Rocket Angels (2022),SUB,2022-08-26 04:40:56
783,Seoul Vibe (2022),SUB,2022-08-26 04:35:43
784,B for Busy (2021),SUB,2022-08-25 20:10:43
785,Mozart from Space (2022),SUB,2022-08-25 08:36:42
786,Return to Dust (2022),SUB,2022-08-25 08:36:23
787,One Week Friends (2022),SUB,2022-08-24 08:46:20
788,SLR (2022),SUB,2022-08-23 08:12:59
789,The Hidden Fox (2022),RAW,2022-08-23 08:10:15
790,The Blue Skies at Your Feet (2022),SUB,2022-08-21 20:53:45
791,Fullmetal Alchemist the Revenge of Scar (2022),SUB,2022-08-21 14:58:18
792,Fullmetal Alchemist: Revenge Scar (2022),SUB,2022-08-20 06:51:42
793,Dreams Come True (2010),RAW,2022-08-20 05:10:48
794,The Unforgiven (2005),SUB,2022-08-20 00:53:00
795,Decision to Leave (2022),SUB,2022-08-18 23:10:10
796,Love Nonetheless (2022),SUB,2022-08-14 18:46:52
797,Tell Me Something (1999),SUB,2022-08-13 05:53:44
798,Kinematics Theory (2018),SUB,2022-08-12 01:13:04
799,Growth of God (2022),SUB,2022-08-09 23:19:11
800,My True Friends The Begining (2022),SUB,2022-08-09 09:18:14
801,Farewell Restaurant (2020),RAW,2022-08-08 04:15:22
802,Watashino Jinsei Nanoni (2018),RAW,2022-08-07 23:19:04
803,Red Sorghum (1987),SUB,2022-08-07 22:59:04
804,The Home of Stars (1974),SUB,2022-08-07 22:16:22
805,Blind War (2022),SUB,2022-08-07 08:27:28
806,The Recon (2021),RAW,2022-08-05 18:55:21
807,Carter (2022),SUB,2022-08-05 01:36:11
808,As if You Whisper (2019),SUB,2022-08-03 19:45:25
809,Pure Japanese (2022),SUB,2022-08-03 08:57:42
810,Venus and Mars (2007),SUB,2022-08-03 03:01:49
811,A Touch of Fever (1993),SUB,2022-08-03 02:58:52
812,Shizumanai Hone (2003),RAW,2022-08-03 02:43:36
813,Daeng Phra Khanong (2022),SUB,2022-08-02 08:08:35
814,A Home from Home (2022),RAW,2022-08-02 08:07:47
815,The Killer: A Girl Who Deserves To Die (2022),SUB,2022-08-02 01:55:47
816,The Triumphant Return of General Rouge (2009),SUB,2022-08-01 06:18:50
817,The EOD Squad (2022),SUB,2022-07-31 08:50:00
818,Pa Rum Pum Pum Pum (2021),RAW,2022-07-30 18:32:58
819,Love on Delivery (1994),SUB,2022-07-30 18:32:38
820,Giohazard (2017),RAW,2022-07-29 04:24:24
821,Mojin: The Secret Coffin (2022),SUB,2022-07-25 08:03:35
822,Baby Assassins (2021),SUB,2022-07-24 20:12:50
823,The Roundup (2022),SUB,2022-07-23 09:21:49
824,Oh! Boarding House (2022) (Movie),SUB,2022-07-23 08:47:47
825,A Cappella,SUB,2022-07-22 07:53:15
826,Ocean Likes Me Move (2022),SUB,2022-07-21 19:49:22
827,Painted Skin: The Guo Jingming Edition (2020),RAW,2022-07-21 06:24:36
828,To Be Killed by a High School Girl (2022),SUB,2022-07-20 07:43:44
829,My Chilling Roommate (2022),SUB,2022-07-20 07:42:48
830,The Last 10 Years (2022),SUB,2022-07-20 07:42:30
831,Just For Laughs! (2022),RAW,2022-07-18 18:32:18
832,Senritsu Kaiki File Kowasugi! File 02: Shivering Ghost (2012),SUB,2022-07-18 00:33:58
833,Land Shark (2020),SUB,2022-07-16 23:05:24
834,The Witch: Part 2. The Other One (2022),SUB,2022-07-16 22:37:31
835,"Welcome Home, Hayabusa (2012)",RAW,2022-07-16 01:39:43
836,Last Run: 100 Million Ten's Worth of Love & Betrayal (1991),RAW,2022-07-16 01:39:00
837,Move to Mind (2022),RAW,2022-07-15 14:49:52
838,The Door Lock (2021),SUB,2022-07-14 23:23:54
839,Nekoben to Toumei Ningen (2013),SUB,2022-07-14 23:23:07
840,Time Scoop Hunter (2013),RAW,2022-07-14 23:22:42
841,Cannonball Wedlock (2011),SUB,2022-07-14 23:21:48
842,Bandage (2010),SUB,2022-07-14 23:21:17
843,Tunnel of Love: The Place for Miracles (2015),SUB,2022-07-14 07:00:57
844,Mobile Boyfriend + (2012),SUB,2022-07-14 07:00:38
845,Pee Nak 3 (2022),SUB,2022-07-14 00:53:37
846,Taiikukan Baby (2008),SUB,2022-07-13 22:36:42
847,Hurts Like Hell (2022),SUB,2022-07-13 16:37:57
848,Wuliang (2020),SUB,2022-07-13 04:06:42
849,Novoland Floating Heart (2022),SUB,2022-07-11 18:32:03
850,Parasite in Love (2021),SUB,2022-07-11 18:18:19
851,Madalena (2021),SUB,2022-07-10 20:13:52
852,2037 (2022),SUB,2022-07-09 09:06:30
853,Anchor (2022),SUB,2022-07-08 20:34:56
854,Woman in a White Car (2022),RAW,2022-07-08 20:08:36
855, Incantation (2022),SUB,2022-07-08 20:08:20
856,Broker (2022),SUB,2022-07-06 18:53:39
857,Fast and Feel Love (2022),SUB,2022-07-06 08:28:15
858,Haunted Universities 2nd Semester (2022),RAW,2022-07-06 01:03:43
859,Cracked (2022),SUB,2022-07-01 08:15:25
860,Moments of Role (2022),RAW,2022-06-30 23:19:23
861,City of Dogs (2022),RAW,2022-06-30 23:19:06
862,The Hero Named Koxinga (2022),SUB,2022-06-30 00:17:21
863,Messengers (1999),SUB,2022-06-29 17:24:31
864,Miko Girl (2018),RAW,2022-06-29 17:24:11
865,Naka nai to Kimeta Hi Special (2010),RAW,2022-06-29 17:23:51
866,The Samejima Incident (2020),SUB,2022-06-28 20:24:17
867,Sakamichi no Ie (2014),RAW,2022-06-28 06:16:42
868,At River's Edge (2011),RAW,2022-06-28 06:16:16
869,Terminal (2015),RAW,2022-06-28 06:15:55
870,Hasegawa Machiko's Story (2013),SUB,2022-06-28 06:15:32
871,Thief Female Hero,SUB,2022-06-19 21:14:56
872,Shadowfall (2019),RAW,2022-06-15 07:36:08
873,Black Widow Business (2016),RAW,2022-06-14 19:23:44
874,Heat Island (2007),RAW,2022-06-14 19:23:16
875,Mi wo Tsukushi Ryoricho (2014),SUB,2022-06-14 06:55:31
876,"Something Like, Something Like It (2016)",SUB,2022-06-14 06:55:07
877,It's On Me (2009),RAW,2022-06-14 06:54:41
878,South Bound (2007),RAW,2022-06-14 06:53:40
879,Kidnapped Soul (2021),SUB,2022-06-13 19:10:39
880,99.9 Criminal Lawyer: The Movie (2021),RAW,2022-06-13 08:25:25
881,Blood-Club Dolls 2 (2020),SUB,2022-06-13 00:02:16
882,Nice View (2022),SUB,2022-06-13 00:01:59
883,Good Morning (2022),RAW,2022-06-10 18:38:57
884,Hommage (2022),RAW,2022-06-10 18:38:40
885,The End of the Pale Hour (2021),RAW,2022-06-08 07:47:53
886,Love Tech (2021),SUB,2022-06-07 18:49:56
887,Jurassic Revival (2022),SUB,2022-06-07 08:52:19
888,Revolution of Our Times (2022),SUB,2022-06-03 08:32:02
889,The Novelist's Film (2022),SUB,2022-06-03 08:29:50
890,Lupin's Daughter (2021),SUB,2022-06-03 08:29:31
891,Fatal Girl R (2022),SUB,2022-06-02 19:00:53
892,Dear Friends (2007),SUB,2022-06-02 07:52:34
893,Long Weekend (2013),SUB,2022-06-02 07:52:10
894,PIECE - Fragments of a Memory (2012),SUB,2022-05-31 19:15:09
895,A Gift (2016),SUB,2022-05-31 19:14:45
896,Lupin's Daughter: The Movie (2021),RAW,2022-05-30 06:37:18
897,His Lost Name (2019),SUB,2022-05-29 22:42:37
898,Piggy Back (2022),RAW,2022-05-26 23:53:40
899,The Treasure Hunter (2009),RAW,2022-05-23 16:02:22
900,The Girl on a Bulldozer (2022),SUB,2022-05-23 16:02:12
901,The Iron Coffin of Western Xia (2022),RAW,2022-05-23 15:48:43
902,My Best Friend's Breakfast (2022),RAW,2022-05-23 15:43:49
903,Flight on the Water (2020),SUB,2022-05-23 00:22:25
904,Golden Spider City (2022),SUB,2022-05-22 17:15:01
905,Casino Raiders 2 (1991),RAW,2022-05-20 22:58:37
906,Taboo (1999),SUB,2022-05-20 22:58:17
907,Rise of the Machine Girls (2019),SUB,2022-05-20 09:21:51
908,Underdog (2020),SUB,2022-05-20 01:48:22
909,King of Snipers (2022),SUB,2022-05-19 08:53:02
910,My Sweet Dear (2021) Movie,SUB,2022-05-18 19:51:57
911,Cyber Hell: Exposing an Internet Horror (2022),SUB,2022-05-18 09:05:51
912,Hit Team (2022),SUB,2022-05-17 23:29:05
913,Song of the Assassins (2022),SUB,2022-05-14 08:05:24
914,And so the Baton Is Passed (2021),SUB,2022-05-13 18:58:49
915,Nothing Serious (2021),SUB,2022-05-13 07:47:31
916,"One Day, You Will Reach the Sea (2022)",SUB,2022-05-12 08:45:26
917,Longling Insect Valley (2022),SUB,2022-05-11 15:32:08
918,Advent of an Aristocrat: PRINCE OF LEGEND (2020),SUB,2022-05-10 18:26:48
919,Spring Day (2022),RAW,2022-05-10 18:25:48
920,One for the Road (2022),SUB,2022-05-10 18:25:30
921,Man's Creed (2022),SUB,2022-05-08 19:35:52
922,Eternally Younger Than Those Idiots (2021),SUB,2022-05-08 08:21:15
923,Under the Stars (2020),SUB,2022-05-08 08:06:55
924,My Fairy Girl (2021),SUB,2022-05-06 05:10:53
925,King Game (2010),SUB,2022-05-06 01:06:04
926,The Haunted Samurai (2007),SUB,2022-05-06 01:02:28
927,Peony Pavilion (2001),SUB,2022-05-06 01:00:09
928,The Peony Pavilion (1995),SUB,2022-05-06 00:57:24
929,Take Care of My Mom (2022),RAW,2022-05-05 18:33:29
930,Island Keeper (2021),SUB,2022-05-04 00:51:21
931,Remain In Twilight (2021),SUB,2022-05-03 13:43:16
932,Ribbon (2022),SUB,2022-05-03 13:43:04
933,In the Wake (2021),SUB,2022-05-03 13:42:32
934,Open the Coffin,SUB,2022-05-03 01:56:14
935,Miss Andy (2021),SUB,2022-05-02 07:24:33
936,Terrorizers (2021),SUB,2022-05-01 21:56:34
937,On the Line (2021),SUB,2022-05-01 19:30:35
938,Only Fools Rush In (2022),SUB,2022-04-30 08:33:07
939,Snipers (2022),SUB,2022-04-27 13:05:09
940,Summer (2022),SUB,2022-04-27 08:30:44
941,Some More (2018),SUB,2022-04-26 19:01:37
942,Brothers (2022),SUB,2022-04-26 19:01:22
943,Shushan of Ten Thousand Swords Returns (2022),SUB,2022-04-26 07:56:29
944,Actionhero (2021),SUB,2022-04-23 06:46:03
945,Moonlight Whispers (1999),SUB,2022-04-23 00:19:39
946,The Villain Who I Love (2017),SUB,2022-04-22 23:51:29
947,Zhong Kui Subdues Demons (2022),SUB,2022-04-22 18:32:32
948,Shanghai Knight (2022),SUB,2022-04-22 00:21:24
949,Painted Skin (2022),SUB,2022-04-22 00:21:06
950,Ju on The Grudge,SUB,2022-04-19 21:29:18
951,Walking Girl,SUB,2022-04-19 00:33:59
952,Untact (KR 2020),SUB,2022-04-18 01:09:54
953,Fighting Darksider (2022),SUB,2022-04-17 08:47:08
954,Masquerade Night (2021),SUB,2022-04-15 02:08:05
955,3.5th Period (2021),RAW,2022-04-15 02:07:50
956,In Our Prime (2022),SUB,2022-04-14 08:21:39
957,The Sadness (2021),SUB,2022-04-14 07:16:24
958,"Don't Cry, Mr. Ogre (2019)",SUB,2022-04-11 16:56:46
959,Eternal Summer (2006),SUB,2022-04-11 16:56:21
960,Journey Of East (2022),SUB,2022-04-11 13:38:49
961,Kissable Lips (2022) (Movie),SUB,2022-04-11 08:49:06
962,Yaksha: Ruthless Operations (2022),SUB,2022-04-08 07:14:24
963,The Cloud in Her Room (2020),SUB,2022-04-07 22:07:49
964,Gong Jja (2022),RAW,2022-04-06 08:00:39
965,Perhaps Love (2021),SUB,2022-04-06 07:59:24
966,The Story of Southern Islet (2021),SUB,2022-04-04 07:43:20
967,Missing (2009),SUB,2022-04-03 19:40:51
968,Late Spring (2014),SUB,2022-04-03 19:40:32
969,Natalie (2010),SUB,2022-04-03 19:40:12
970,The Uncle (2017),SUB,2022-04-03 19:39:45
971,Too Cool to Kill (2022),SUB,2022-04-03 17:45:08
972,The Labyrinth (2021),SUB,2022-04-03 16:24:13
973,Till We Meet Again (2021),SUB,2022-04-03 12:33:17
974,The Medicine King Coffin (2022),SUB,2022-04-03 12:32:49
975,The Fate of Reunion (2022),SUB,2022-04-03 12:32:12
976,Elves in Changjiang River (2022),SUB,2022-04-03 12:30:50
977,Spiritwalker (2021),SUB,2022-04-01 20:34:15
978,The Legend of Kunlun (2022),RAW,2022-04-01 08:50:45
979,0.1% World (2022),SUB,2022-04-01 07:17:26
980,Will I Be Single Forever? (2021),SUB,2022-03-31 20:47:06
981,Boy Scouts (2022),SUB,2022-03-30 20:11:15
982,Don't Forget I Love You (2022),SUB,2022-03-25 07:24:31
983,Love Like the Falling Petals (2022),SUB,2022-03-24 08:53:49
984,Ten Years of Loving You (2022),SUB,2022-03-23 07:56:12
985,Hero (2007),SUB,2022-03-21 20:54:32
986,GONJIAM Haunted Asylum,RAW,2022-03-21 20:41:00
987,The Red Sparrow (2022),SUB,2022-03-18 15:23:08
988,Hot Blood (2021),SUB,2022-03-16 19:27:51
989,Tinted With You (Movie) (2022),SUB,2022-03-16 19:11:54
990,The Mystery of Lop Nur (2022),SUB,2022-03-16 08:04:34
991,Adam by Eve: A Live in Animation (2022),SUB,2022-03-16 07:59:07
992,Idol Recipe (2022),RAW,2022-03-13 19:14:56
993,The King of Jokgu,SUB,2022-03-09 22:27:45
994,Kaiji The Ultimate Gambler,SUB,2022-03-09 20:13:51
995,To My Star (Movie) (2021),SUB,2022-03-09 18:16:56
996,Tsuda Umeko: Osatsu ni Natta Ryugakusei (2022),SUB,2022-03-08 19:08:45
997,The Closed Ward (2018),SUB,2022-03-06 16:46:29
998,Ooku (2010),SUB,2022-03-06 16:32:50
999,For Love or Money 2014,SUB,2022-03-06 16:32:31
1000,New Kung Fu Cult Master 2 (2022),SUB,2022-03-02 19:38:15
1001,The Pirates: The Last Royal Treasure (2022),SUB,2022-03-02 06:41:42
1002,Sayonara Itsuka (2010),SUB,2022-02-28 22:58:39
1003,Novoland: The Castle in the Sky - Time Reversal (2020),SUB,2022-02-28 22:58:16
1004,Toshimaen: Haunted Park (2019),SUB,2022-02-28 22:57:54
1005,CHARACTER (2021),SUB,2022-02-27 22:52:46
1006,Cube (2021),SUB,2022-02-27 18:26:27
1007,Kingmaker: The Fox of the Election (2022),SUB,2022-02-27 07:50:14
1008,G Storm (2021),SUB,2022-02-26 17:13:34
1009,Love After Love (2021),SUB,2022-02-26 17:13:18
1010,A Good Son (2022),RAW,2022-02-24 07:13:54
1011,Peach of Time (Movie) (2021),RAW,2022-02-22 07:09:33
1012,Kowloon Walled City (2021),SUB,2022-02-21 19:49:09
1013,Special Delivery (2022),SUB,2022-02-21 19:48:34
1014,The Murder of Snow White (2014),SUB,2022-02-19 01:19:40
1015,The Bund (2021),SUB,2022-02-18 06:55:22
1016,Wonderful Paradise (2020),SUB,2022-02-18 06:55:06
1017,Inubu (2021),SUB,2022-02-15 19:35:22
1018,Embrace Again (2021),SUB,2022-02-15 18:27:42
1019,AI Love You (2022),SUB,2022-02-15 07:33:47
1020,Itomichi (2021),SUB,2022-02-14 17:23:57
1021,Sky Blue Story (2011),SUB,2022-02-14 05:07:41
1022,Our New Life (2021),SUB,2022-02-13 14:54:38
1023,North East Police Story (2021),SUB,2022-02-13 14:53:13
1024,Snow Leopard Secret War (2021),SUB,2022-02-13 12:56:33
1025,The Forbidden Depths (2021),SUB,2022-02-13 12:56:13
1026,Nine Kingdoms in Feathered Chaos: The Love Story (2021),SUB,2022-02-13 12:54:56
1027,2gether the Movie (2021),SUB,2022-02-12 06:18:53
1028,Love and Leashes (2022),SUB,2022-02-11 07:04:31
1029,Homestay (2022),SUB,2022-02-10 18:42:11
1030,Moonlight Shadow (2021),SUB,2022-02-10 18:12:32
1031,Behind Cut (2022) (Movie),SUB,2022-02-10 18:12:14
1032,New Kung Fu Cult Master 1 (2022),SUB,2022-02-09 07:30:22
1033,The Werewolf Game: Death Game's Operator (2020),SUB,2022-02-07 18:34:10
1034,Live Hard (2021),RAW,2022-02-07 07:07:11
1035,Heaven Sword and Dragon Saber (2022),RAW,2022-02-06 15:25:43
1036,Go To Kill (2021),RAW,2022-02-06 03:14:06
1037,A Distant Place (2021),SUB,2022-02-06 03:13:43
1038,Storm Over Luoyang: Yin and Yang Realm (2022),SUB,2022-02-05 05:38:36
1039,The Sniper (2021),SUB,2022-02-04 23:57:37
1040,Trot Is Life (2022),RAW,2022-02-04 17:37:32
1041,Every Trick In The Book (2021),RAW,2022-02-03 08:16:13
1042,The Demon Hunter (2022),SUB,2022-02-03 06:05:08
1043,The Tai Chi Master (2022),SUB,2022-02-03 06:04:40
1044,On the Balcony (2019),SUB,2022-02-03 06:03:38
1045,The Asadas! (2020),SUB,2022-02-02 21:06:07
1046,Time (2021),SUB,2022-02-01 07:15:41
1047,Touken Ranbu the Movie (2019),SUB,2022-02-01 07:15:32
1048,Invisible Tattoo (2022),SUB,2022-01-31 07:52:35
1049,A Loving Husband (2016),SUB,2022-01-30 16:31:09
1050,The Policeman's Lineage (2022),SUB,2022-01-29 14:20:58
1051,The Falls (2021),SUB,2022-01-29 12:58:53
1052,The Curious Tale of Mr.Guo (2021),SUB,2022-01-29 12:58:11
1053,Brotherhood (2022),RAW,2022-01-27 18:28:02
1054,A Man Called Hero (2022),RAW,2022-01-26 23:14:11
1055,Delivery (2021),SUB,2022-01-26 07:06:02
1056,Intolerance (2021),SUB,2022-01-24 22:18:54
1057,Find (2015),SUB,2022-01-23 23:37:08
1058,Demon Sealer Bureau (2022),SUB,2022-01-23 14:14:39
1059,Fighter (2021),SUB,2022-01-22 22:04:35
1060,Aloners (2021),SUB,2022-01-22 21:49:00
1061,No Tomorrow,SUB,2022-01-22 21:48:26
1062,Fleet of Time,SUB,2022-01-20 22:17:06
1063,Tales of Longyun Town (2022),SUB,2022-01-20 07:18:43
1064,Asurado (2021),SUB,2022-01-19 07:08:18
1065,The Story Of The Night Watcher (2022),SUB,2022-01-19 00:35:47
1066,Mune ga Narunoha Kimi no Sei (2021),SUB,2022-01-18 15:29:29
1067,The Town Of Ghosts (2022),SUB,2022-01-18 01:26:48
1068,"Onoda – 10,000 Nights in the Jungle (2021)",SUB,2022-01-16 19:52:18
1069,Schemes in Antiques (2021),SUB,2022-01-16 19:21:52
1070,Laoshan Taoist (2021),SUB,2022-01-16 17:38:52
1071,The Ghost Photo Club (2015),SUB,2022-01-13 00:38:15
1072,Song Ci (2022),SUB,2022-01-12 17:43:00
1073,"Caution, Hazardous Wife: The Movie (2021)",SUB,2022-01-11 19:27:39
1074,My Favorite Girl (2020),SUB,2022-01-10 19:32:41
1075,Rusty Blade (2022),SUB,2022-01-10 16:34:23
1076,Over the Town (2021),SUB,2022-01-10 16:34:03
1077,Catman (2021),SUB,2022-01-09 20:12:51
1078,Passage of My Youth (2021),SUB,2022-01-09 18:01:23
1079,Unframed (2021),SUB,2022-01-09 18:01:06
1080,Back On The Society (2021),SUB,2022-01-09 07:00:51
1081,SWAT Duty: City Crisis (2020),SUB,2022-01-09 00:51:22
1082,Tomb of the River (2021),SUB,2022-01-08 10:21:15
1083,The Magic Lotus Lantern (2021),SUB,2022-01-08 10:20:34
1084,Riam Fighting Angel,SUB,2022-01-07 07:42:28
1085,Three Sisters (2021),SUB,2022-01-07 00:02:15
1086,Hafu,SUB,2022-01-06 23:06:03
1087,Unfair the End 2015,SUB,2022-01-06 23:04:57
1088,Matcha & Vanilla (2021),SUB,2022-01-06 18:49:22
1089,Railway Heroes (2021),SUB,2022-01-06 06:56:29
1090,Kodoku no Gurume New Year SP 2021,SUB,2022-01-04 23:36:24
1091,Jamsil (2018),RAW,2022-01-03 06:33:12
1092,Please Tell Me So (2021),SUB,2022-01-03 05:05:16
1093,Get Him Girl! (2021),SUB,2022-01-02 18:36:20
1094,Motelier (2020),SUB,2022-01-02 06:18:15
1095,The Battle at Lake Changjin (2021),SUB,2022-01-01 08:42:28
1096,Koibitotachi no Jikoku,SUB,2022-01-01 05:54:36
1097,In Front of Your Face (2021),SUB,2021-12-31 11:04:19
1098,Monster Hospital (2021),SUB,2021-12-31 10:46:36
1099,The Tasty Florida (2021) (Movie),SUB,2021-12-30 16:11:46
1100,Aristocrats (2021),SUB,2021-12-30 06:40:09
1101,The Door into Summer (2021),SUB,2021-12-29 00:47:02
1102,Tokyo Revengers (2021),SUB,2021-12-28 23:52:31
1103,A Year-End Medley (2021),SUB,2021-12-28 23:06:44
1104,Oni Girl!! (2020),SUB,2021-12-27 05:22:02
1105,Wisdom Tooth (2020),SUB,2021-12-21 19:24:03
1106,Female Tazza (2021),RAW,2021-12-17 18:32:40
1107,Honey Lemon Soda (2021),SUB,2021-12-16 23:31:13
1108,Devil in Dune (2021),SUB,2021-12-16 19:36:53
1109,BLACKPINK: THE MOVIE (2021),SUB,2021-12-15 06:46:36
1110,The Fish with One Sleeve (2021),SUB,2021-12-13 20:08:48
1111,Queer Movie Beautiful (2018),SUB,2021-12-13 20:08:42
1112,Thief Heroine (2021),SUB,2021-12-13 20:08:32
1113,Drive My Car (2021),SUB,2021-12-13 17:47:50
1114,Double Mints,SUB,2021-12-13 16:50:30
1115,Napoleon and Me (2021),RAW,2021-12-13 06:44:47
1116,City of the Rising Sun (1998),SUB,2021-12-13 05:25:09
1117,Kokkuri (1997),SUB,2021-12-13 05:24:07
1118,Demon Covered in Scars,SUB,2021-12-10 19:32:41
1119,Glass Garden,SUB,2021-12-10 19:30:28
1120,What Time Is It There?,SUB,2021-12-10 19:24:46
1121,Defense Bomb Crisis (2021),RAW,2021-12-10 08:23:56
1122,Kuchisake-Onna 2,SUB,2021-12-10 01:11:37
1123,Tada's Do-It-All House: Disconcerto (2014),SUB,2021-12-10 01:11:07
1124,Asakusa Kid (2021),SUB,2021-12-09 16:56:07
1125,Detective Dee: The Sly Red-Eye (2021),SUB,2021-12-07 06:51:30
1126,No Call No Life (2021),SUB,2021-12-07 06:51:18
1127,Bittersand (2021),SUB,2021-12-07 06:51:01
1128,Monkey King Reborn (2021),SUB,2021-12-07 06:50:50
1129,Hong Xiguan: Demon Gate Witch (2021),SUB,2021-12-06 06:54:49
1130,Kamen Rider Revice: The Movie (2021),SUB,2021-12-05 01:23:11
1131,Kaizoku Sentai 10 Gokaiger (2021),SUB,2021-12-05 01:22:49
1132,Hatsu Jouji Made Ato 1-jikan (2021),SUB,2021-12-04 17:45:21
1133,The Whole Truth (2021),SUB,2021-12-02 22:12:48
1134,White Snake II: The Tribulation of the Green Snake (2021),SUB,2021-12-01 19:35:02
1135,The Queen (2021),SUB,2021-11-30 17:39:16
1136,The Kiddie Tomb,SUB,2021-11-28 01:58:32
1137,Twin Red Foxes (2020),RAW,2021-11-26 19:50:19
1138,Fallen Angels (1995),SUB,2021-11-26 19:48:56
1139,The Supreme Chief Adventure To The Unknown,SUB,2021-11-26 19:45:18
1140,Dispatch; I Don’t Fire Myself (2021),SUB,2021-11-24 00:03:24
1141,Kiba: The Fangs of Fiction (2021),SUB,2021-11-23 22:55:20
1142,Uso Kara Hajimaru Koi (2021),SUB,2021-11-23 06:55:00
1143,Part-Time Girlfriend (2021),SUB,2021-11-23 05:40:00
1144,The Return of the Sister-in-Law (2021),SUB,2021-11-23 05:39:52
1145,Set Play (2020),SUB,2021-11-21 18:37:47
1146,Game Changer (2021) (Movie),SUB,2021-11-21 17:22:42
1147,Knock Knock (2021),SUB,2021-11-21 17:22:25
1148,Wu Hai (2020),SUB,2021-11-20 19:01:51
1149,Age of the Legend (2021),SUB,2021-11-20 19:00:18
1150,Hell's Garden (2021),SUB,2021-11-18 18:39:41
1151,The Fable: The Killer Who Doesn't Kill (2021),SUB,2021-11-18 17:09:04
1152,The Garden Apartment (2018),SUB,2021-11-18 17:08:56
1153,Superpower Girl (2017),SUB,2021-11-18 17:08:49
1154,The Vengeance (2021),SUB,2021-11-18 06:26:47
1155,Mrs. Noisy (2020),SUB,2021-11-16 17:12:21
1156,Legend of Hunter (2021),SUB,2021-11-16 17:12:13
1157,Night Light (2021),SUB,2021-11-16 07:57:23
1158,LIMECRIME (2020),SUB,2021-11-16 07:57:16
1159,RUBY (2020),SUB,2021-11-16 07:57:10
1160,Life: Untitled (2019),SUB,2021-11-16 07:56:59
1161,Charging Out of Prisoner Camp,SUB,2021-11-16 05:30:04
1162,Hunger (2020),SUB,2021-11-16 05:29:53
1163,Between the Seasons (2019),SUB,2021-11-16 05:29:42
1164,Hand Rolled Cigarette (2021),SUB,2021-11-15 13:01:58
1165,New Interpretation Records of the Three Kingdoms (2020),SUB,2021-11-14 22:12:12
1166,Possible Faces (2019),SUB,2021-11-13 21:23:58
1167,The Day of Destruction (2020),SUB,2021-11-13 20:46:56
1168,Okehazama: Nobunaga Oda hao no Tanjo (2021),SUB,2021-11-12 23:49:27
1169,Lili Alone (2021),SUB,2021-11-12 22:55:19
1170,Don't Go Too Far (2021),SUB,2021-11-12 22:51:32
1171,Paradise Next (2019),SUB,2021-11-12 22:51:19
1172,AND THERE WAS LIGHT (2020),SUB,2021-11-12 07:56:15
1173,The Women (2021),SUB,2021-11-12 07:56:09
1174,Jane,SUB,2021-11-11 23:36:09
1175,Million Dollar Man,SUB,2021-11-11 02:25:31
1176,Gyoza You Can Kiss (2018),RAW,2021-11-10 06:51:23
1177,All About My Mother (2021),SUB,2021-11-09 05:55:17
1178,The Cat Samurai Goes to Southern Island,SUB,2021-11-07 08:01:03
1179,Ong Bak,SUB,2021-11-07 07:19:49
1180,Pornographer - Spring Life (2021),SUB,2021-11-06 18:58:30
1181,Beautiful Escape (2020),SUB,2021-11-06 06:45:35
1182,Zero to Hero (2021),SUB,2021-11-06 01:14:44
1183,We Couldn't Become Adults (2021),SUB,2021-11-05 06:56:53
1184,A Time to Love (2005),RAW,2021-11-04 07:09:42
1185,The Shaolin Boy (2021),SUB,2021-11-04 07:07:57
1186,Zhu Bajie: The Spring Years (2021),SUB,2021-11-03 23:29:34
1187,Journey To The West: Red Boy (2021),SUB,2021-11-03 23:29:20
1188,The First Lap,SUB,2021-11-02 00:35:42
1189,My Boss is a Serial Killer (2021),SUB,2021-11-01 00:31:12
1190,Vertigo (2019),SUB,2021-10-30 06:01:28
1191,No Regret (2006),SUB,2021-10-30 06:01:01
1192,Hitman: Agent Jun (2020),SUB,2021-10-30 05:59:25
1193,Miracle: Letters to the President (2021),SUB,2021-10-30 05:58:55
1194,Cloudy Mountain,SUB,2021-10-29 23:33:21
1195,Kids (2008),SUB,2021-10-29 17:48:03
1196,Operation Sniping (2021),SUB,2021-10-28 17:57:58
1197,"Love, Life and Goldfish (2021)",SUB,2021-10-28 17:56:11
1198,Twilight Online,SUB,2021-10-28 13:56:55
1199,Haunted Tales (2021),SUB,2021-10-27 19:59:41
1200,Water Boys (2021),SUB,2021-10-27 19:59:22
1201,"Let's Go, Jets!",SUB,2021-10-26 01:38:24
1202,One More Shot,SUB,2021-10-25 21:24:10
1203,Shark: The Beginning (2021),SUB,2021-10-24 02:31:57
1204,Lovely Writer the series Special Epidode (2021),SUB,2021-10-23 23:48:16
1205,The Immeasurable (2021),SUB,2021-10-23 23:47:56
1206,Look Into His World (2021),SUB,2021-10-22 20:50:38
1207,A Different Girl (2021),RAW,2021-10-22 09:01:18
1208,Chu Liuxiang: The Beginning (2021),SUB,2021-10-22 08:48:20
1209,AWAKE (2020),SUB,2021-10-22 06:52:22
1210,Signal: Long-Term Unsolved Case Investigation – The Movie (2021),SUB,2021-10-21 07:30:01
1211,The Sword (2021),SUB,2021-10-18 18:08:11
1212,"Tokyo Tower: Mom & Me, and Sometimes Dad",SUB,2021-10-17 23:46:06
1213,Hot Girls,SUB,2021-10-16 19:03:22
1214,Please (Her) (2020),SUB,2021-10-16 04:58:18
1215,Show Me the Ghost (2021),SUB,2021-10-14 19:34:02
1216,The Oriential Illusionlist (2021),SUB,2021-10-14 08:33:47
1217,Fish on Land (2012),SUB,2021-10-14 00:58:38
1218,The Name (KR 2020),SUB,2021-10-13 23:49:56
1219,Guimoon: The Lightless Door (2021),SUB,2021-10-13 19:50:35
1220,Fearsome (2021),RAW,2021-10-13 08:15:21
1221,Ultimate Code (2021),SUB,2021-10-12 20:25:57
1222,Escape from Mogadishu (2021),SUB,2021-10-12 19:26:44
1223,Please Enlighten Me (2021),SUB,2021-10-11 20:34:52
1224,Doctor Y - Gekai Kaji Hideki (2021),SUB,2021-10-11 08:57:31
1225,Enzaihan (2021),SUB,2021-10-09 21:13:16
1226,The Attorney (2021),SUB,2021-10-09 02:10:29
1227,Hostage: Missing Celebrity (2021),SUB,2021-10-09 00:25:28
1228,Legend of Lv Bu (2020),SUB,2021-10-09 00:16:45
1229,Mystery of Muye: The Guardian of the Mountain (2021),SUB,2021-10-09 00:15:40
1230,Dust-Man (2020),RAW,2021-10-08 02:10:01
1231,Eat Drink Man Woman 2 (2012),RAW,2021-10-08 02:09:29
1232,Raging Fire (2021),SUB,2021-10-07 05:46:31
1233,1921 (2021),SUB,2021-10-05 19:56:02
1234,Leaping Over the Dragon Gate,SUB,2021-10-05 08:52:37
1235,Love My Life,SUB,2021-10-04 08:45:47
1236,The Digital Hunter (2021),SUB,2021-10-04 01:07:42
1237,Happily Ever After 2007,SUB,2021-10-03 18:05:50
1238,Upcoming Summer (2021),SUB,2021-10-03 08:29:22
1239,Fighting Life (2021),SUB,2021-10-02 09:03:31
1240,The Sun Does Not Move (2021),SUB,2021-10-02 04:45:27
1241,Chronicle of the After-School Wars,SUB,2021-10-02 02:09:07
1242,Kuroi Gashuu: Shougen SP,SUB,2021-09-30 17:09:02
1243,I WeirDo (2020),SUB,2021-09-30 01:16:32
1244,7 Days of Himawari & Her Puppies (2013),SUB,2021-09-30 01:15:43
1245,Wish (2009),RAW,2021-09-28 17:49:56
1246,Her Love Boils Bathwater (2016),SUB,2021-09-27 20:18:39
1247,Mr. and Mrs. Incredible (2011),SUB,2021-09-27 18:56:32
1248,Nekoben (2012),RAW,2021-09-25 23:42:00
1249,Come Here (2021),SUB,2021-09-25 06:58:55
1250,Pale Moon,SUB,2021-09-25 06:48:20
1251,Liar x Liar (2021),SUB,2021-09-24 17:47:45
1252,Sky and Ocean (2009),SUB,2021-09-24 17:05:06
1253,Naoko (2008),SUB,2021-09-24 17:04:44
1254,Sinkhole (2021),SUB,2021-09-24 08:54:23
1255,The Basement (2021),SUB,2021-09-24 07:14:12
1256,Midnight Swan (2020),SUB,2021-09-22 18:38:39
1257,Sweet Curse (2021),SUB,2021-09-22 02:32:31
1258,Secret Roommate (2020),SUB,2021-09-22 02:32:24
1259,Chinese Doctors (2021),SUB,2021-09-20 18:22:01
1260,The Medium (2021),SUB,2021-09-19 08:50:37
1261,Buenos Aires Zero Degree: The Making of Happy Together (1999),SUB,2021-09-19 02:06:38
1262,Dragon Bride (2021),RAW,2021-09-19 02:06:13
1263,Marine Boy (2009),RAW,2021-09-19 02:05:39
1264,The Great Actor (2016),SUB,2021-09-19 02:04:57
1265,Family Plan (2016),SUB,2021-09-18 23:53:44
1266,Your Love Song (2020),SUB,2021-09-18 20:28:19
1267,Mellow,SUB,2021-09-18 20:28:08
1268,Elisa's Day (2020),SUB,2021-09-18 20:27:31
1269,Action Dongja,SUB,2021-09-18 08:41:30
1270,Kakegurui 2: Ultimate Russian Roulette (2021),SUB,2021-09-18 02:06:22
1271,"Last Winter, We Parted (2018)",SUB,2021-09-18 02:05:37
1272,Shiba Park (2019),SUB,2021-09-17 08:47:15
1273,Humidity Alert (2021),RAW,2021-09-17 03:33:33
1274,Good Person (2021),RAW,2021-09-17 03:32:16
1275,Taipei Suicide Story (2020),SUB,2021-09-17 03:30:22
1276,First of May,SUB,2021-09-16 21:14:48
1277,Fist of Fury: Soul (2021),SUB,2021-09-15 08:22:09
1278,Keishicho Hikikomori Gakari (2021),SUB,2021-09-14 18:31:03
1279,Bunshinsaba: Hoichi The Earless (2021),SUB,2021-09-14 02:19:43
1280,Seito ga Jinsei wo Yarinaoseru Gakko (2021),SUB,2021-09-13 21:06:51
1281,The Legend of the Condor Heroes：The Cadaverous Claws (2021),RAW,2021-09-13 17:50:12
1282,The Other Side of the Mountain (2012),SUB,2021-09-13 17:50:00
1283,One Step More to the Sea (2009),SUB,2021-09-13 17:49:46
1284,Break Through (2021),SUB,2021-09-13 08:38:35
1285,Mega Monster Battle: Ultra Galaxy Legends (2009),SUB,2021-09-13 01:11:48
1286,"Ultraman Tiga, Ultraman Dyna & Ultraman Gaia: Battle in Hyperspace (1999)",SUB,2021-09-13 01:06:39
1287,Ultraman Tiga & Ultraman Dyna: Warriors of the Star of Light (1998),SUB,2021-09-13 01:03:20
1288,Ultraman Tiga: The Final Odyssey (2000),SUB,2021-09-13 01:01:12
1289,Ultraman X The Movie: Here Comes! Our Ultraman (2016),SUB,2021-09-13 00:55:02
1290,Ultraman Mebius & Ultra Brothers (2006),SUB,2021-09-13 00:52:02
1291,Awakened Demon (2021),SUB,2021-09-12 06:41:22
1292,Escape of Shark (2021),SUB,2021-09-12 02:39:40
1293,Unstoppable (2021),SUB,2021-09-12 02:39:32
1294,Invisible Alien (2021),SUB,2021-09-12 02:39:25
1295,Past Youth (2018),SUB,2021-09-11 21:54:50
1296,Artemisia (2008),SUB,2021-09-11 21:32:11
1297,Departure (2020),SUB,2021-09-11 21:32:06
1298,Under the Open Sky (2021),SUB,2021-09-11 20:44:23
1299,Angry Rice Wives (2021),SUB,2021-09-11 20:44:10
1300,Go Seppuku Yourselves (2021),SUB,2021-09-11 20:44:00
1301,The Devil Wears Ju-Ni Hitoe Kimono (2020),SUB,2021-09-11 20:43:49
1302,Team Batista: Final Kerberos' Portrait 2014,SUB,2021-09-11 04:12:49
1303,Love Will Tear Us Apart (2021),SUB,2021-09-11 04:09:41
1304,The mysterious family 2017,RAW,2021-09-11 04:05:45
1305,Curse of the Golden Flower 2006,SUB,2021-09-11 04:00:17
1306,Blue (2021),SUB,2021-09-10 21:52:04
1307,Typhoon Family (2019),SUB,2021-09-10 01:40:00
1308,The Flower And The Empress (2019),RAW,2021-09-09 19:57:18
1309,Zokki (2021),SUB,2021-09-09 09:07:52
1310,jigoku-no-hanazono ~Office Royale~ (2021),SUB,2021-09-09 08:57:07
1311,Hard Hit (2021),SUB,2021-09-09 07:18:15
1312,Zoo (2005),SUB,2021-09-07 18:41:13
1313,Broken Youth (2019),SUB,2021-09-04 20:00:14
1314,Restart the Earth (2021),SUB,2021-09-03 08:54:07
1315,Mutation On Mars 2021,SUB,2021-09-03 07:48:00
1316,Spider-Man Movie (1979),SUB,2021-09-03 03:39:12
1317,The Book of Fish (2021),SUB,2021-08-30 21:58:03
1318,The Interviewees (2020),SUB,2021-08-29 22:24:51
1319,Love in the Kitchen (2020),SUB,2021-08-29 19:23:13
1320,U Loves You (2021),SUB,2021-08-28 06:37:01
1321,The Hypnosis (2021),SUB,2021-08-27 19:25:15
1322,Soul Prison (2021),SUB,2021-08-27 02:13:25
1323,Stare (2020),SUB,2021-08-26 20:01:12
1324,The Town of Headcounts (2020),SUB,2021-08-26 07:40:24
1325,The Cursed: Dead Man’s Prey (2021),SUB,2021-08-26 07:40:07
1326,The Floating Castle (2012),SUB,2021-08-26 07:01:33
1327,City of People (2020),SUB,2021-08-23 02:51:49
1328,Midnight (2021),SUB,2021-08-21 08:46:54
1329,The Grotesque Mansion (2021),SUB,2021-08-21 07:50:42
1330,Gull (2021),RAW,2021-08-21 05:22:24
1331,First Love (2021),SUB,2021-08-21 05:22:13
1332,The Child Who Would Not Come (2021),RAW,2021-08-20 21:05:54
1333,Whispering Corridors 6: The Humming (2021),SUB,2021-08-20 21:05:22
1334, Wu Song's Bloody Battle With Lion House (2021),SUB,2021-08-20 21:04:53
1335,Doctor K,SUB,2021-08-20 19:47:08
1336,Man in Love (2021),SUB,2021-08-20 18:21:05
1337,Passage of Life (2017),RAW,2021-08-19 13:41:34
1338,Living in Your Sky (2020),SUB,2021-08-17 01:50:01
1339,"Junpei, Think Again 2018",RAW,2021-08-15 15:16:52
1340,36,RAW,2021-08-15 15:05:52
1341,Way To Find The Best Life 2019,RAW,2021-08-15 14:56:12
1342,"Maruyama,The middle schooler 2013",RAW,2021-08-15 14:47:33
1343,Woman Who Eats 2018,SUB,2021-08-15 14:44:32
1344,Confessions (2010),SUB,2021-08-15 14:38:41
1345,Food Luck (2021),SUB,2021-08-15 08:10:49
1346,Tempting Hearts 2021,SUB,2021-08-13 23:21:22
1347,Tokyo Wine Party People (2019),SUB,2021-08-13 20:41:07
1348,Tracing Her Shadow (2021),SUB,2021-08-13 03:58:23
1349,Short Vacation (2020),SUB,2021-08-12 08:30:02
1350,Loved Like a Flower Bouquet (2021),SUB,2021-08-12 07:01:54
1351,In Those Days (2021),RAW,2021-08-11 23:17:49
1352,Jiang Ziya: The Legend of Deification (2020),SUB,2021-08-11 23:16:32
1353,Around The Table (2021),SUB,2021-08-11 23:15:51
1354,Is It Love BAR (2021),RAW,2021-08-11 06:18:06
1355,My Blood & Bones in A Flowing Galaxy (2020),SUB,2021-08-10 21:05:42
1356,HYDRA (2019),SUB,2021-08-10 21:04:54
1357,It's a Summer Film! (2021),SUB,2021-08-10 08:21:11
1358,Legend of a Fighter (1982),SUB,2021-08-10 05:04:25
1359,On Your Mark (2021),SUB,2021-08-09 20:59:37
1360,THE APPREHENDERS/ OFFICER OF THE YEAR 2011,SUB,2021-08-09 20:50:31
1361,Brave: Gunjyo Senki (2021),SUB,2021-08-09 19:52:11
1362,The Diam Diam Era Too (2021),SUB,2021-08-09 07:51:15
1363,The Cinderella Addiction (2021),SUB,2021-08-09 07:50:41
1364,Last of the Wolves (2021),SUB,2021-08-09 06:36:12
1365,Hero SP (2006),SUB,2021-08-08 19:49:08
1366,Birthday (2019),SUB,2021-08-07 08:18:09
1367,My Pistachio (2018),SUB,2021-08-07 08:04:54
1368,Secret Spectacles (2017),SUB,2021-08-07 08:04:37
1369,Stateless Things (2012),SUB,2021-08-07 08:04:30
1370,The Way We Keep Dancing (2021),SUB,2021-08-06 09:14:02
1371,Wish (2020),SUB,2021-08-06 07:57:04
1372,A Round Trip to Love (2016),SUB,2021-08-04 02:57:34
1373,"Ora, Ora Be Goin' Alone (2020)",RAW,2021-08-03 14:44:15
1374,My Dad and Mr. Ito (2016),SUB,2021-08-03 14:39:49
1375,Cruel Story of Youth (1960),SUB,2021-08-03 14:37:58
1376,Tokyo Oasis (2011),SUB,2021-08-03 14:35:48
1377,Peking Opera Blues (1986),SUB,2021-08-03 14:32:10
1378,Village of Doom (1983),SUB,2021-08-02 16:14:12
1379,I Missed You (2021),SUB,2021-08-02 06:54:32
1380,Best Sisters Forever (2021),SUB,2021-08-02 02:31:39
1381,Sorum (2001),SUB,2021-08-01 23:57:24
1382,Kekkon Annai Misuteri (1985),SUB,2021-08-01 23:27:47
1383,Until Rainbow Dawn,SUB,2021-07-30 19:48:57
1384,Mermaid's Jade,SUB,2021-07-30 19:48:48
1385,Rurouni Kenshin: The Beginning (2021),SUB,2021-07-30 06:28:20
1386,All the Things We Never Said (2020),SUB,2021-07-29 01:42:49
1387,I Can Only See (2021),RAW,2021-07-28 08:34:06
1388,Georama Boy Panorama Girl (2020),SUB,2021-07-28 08:14:47
1389,Nowhere to Hide 1999,SUB,2021-07-27 19:32:19
1390,Mr. Hong 2004,SUB,2021-07-27 01:14:08
1391,Replay: The Moment When It Starts Again Movie(2021),SUB,2021-07-26 07:52:45
1392,Are You Lonesome Tonight? (2021),SUB,2021-07-26 02:35:40
1393,The Real Thing (2020),SUB,2021-07-25 09:18:15
1394,Country Boy (2021),SUB,2021-07-24 23:24:22
1395,My Bromance 2 : Movie Edition 2021,SUB,2021-07-24 23:18:45
1396,Fallen (2020),SUB,2021-07-24 20:59:36
1397,Brave: Gunjou Senki (2021),SUB,2021-07-23 23:36:51
1398,Wandering,SUB,2021-07-22 21:58:00
1399,The Goldfish: Dreaming of the Sea (2021),SUB,2021-07-20 19:49:32
1400,Festival (2020),RAW,2021-07-20 15:54:15
1401,Zombie Crush in Heyri (2020),RAW,2021-07-20 15:53:58
1402,Suicide Forest Village (2021),SUB,2021-07-19 08:11:03
1403,Godai - The Wunderkind (2020),SUB,2021-07-18 09:40:00
1404,"You're Not Normal, Either! (2021)",SUB,2021-07-18 07:32:28
1405,Introduction (2021),SUB,2021-07-16 18:31:53
1406,Deep (2021),SUB,2021-07-16 17:28:19
1407,Ryukou Kanbou (2021),SUB,2021-07-16 00:21:07
1408,The Master Plan (2021),SUB,2021-07-15 15:04:32
1409,Scattered Night (2021),RAW,2021-07-15 15:03:49
1410,"Plant Cafe, Warmth (2021)",RAW,2021-07-15 15:03:37
1411,Everglow (2021),RAW,2021-07-15 15:03:24
1412,"I Will, Song (2021)",RAW,2021-07-15 15:03:12
1413,My Big Mama's Crazy Ride (2021),RAW,2021-07-15 15:02:59
1414,Monkey King: The One and Only (2021),SUB,2021-07-15 15:02:44
1415,Repechage (1997),RAW,2021-07-15 00:05:58
1416,Fumiko's Feet (2018),RAW,2021-07-14 00:24:03
1417,Mio's Cookbook (2020),SUB,2021-07-13 19:56:50
1418,Kikai Sentai Zenkaiger The Movie: Red Battle! All Sentai Rally!! (2021),SUB,2021-07-12 16:59:22
1419,Kishiryu Sentai Ryusoulger Special Chapter: Memory of Soulmates (2021),SUB,2021-07-12 16:58:53
1420,Lucky Monster (2020),RAW,2021-07-12 15:26:13
1421,Joker Game (2012),RAW,2021-07-12 01:12:09
1422,The Skin Painter 2 (2018),SUB,2021-07-12 00:58:23
1423,Mashin Sentai Kiramager The Movie: Bee-Bop Dream,SUB,2021-07-12 00:12:47
1424,Sunny Sisters (2021),SUB,2021-07-11 20:10:36
1425,Stolen (2020),SUB,2021-07-11 20:10:22
1426,Becoming Who I Was (2017),RAW,2021-07-11 18:17:05
1427,Uchuu Sentai Kyuranger vs Space Squad (2018),RAW,2021-07-11 18:14:48
1428,THE PASSAGE 2004,RAW,2021-07-11 03:54:21
1429,Dynamite Graffiti (2018),SUB,2021-07-11 01:01:05
1430,Wheel of Fortune and Fantasy (2021),SUB,2021-07-10 20:15:32
1431,Last Twilight in Phuket (2021),SUB,2021-07-10 03:38:05
1432,A Way Station (2021),SUB,2021-07-10 01:01:11
1433,Nineteen (2021),RAW,2021-07-10 01:00:49
1434,Cheers From Heaven (2011),SUB,2021-07-09 21:08:10
1435,Marathon (2007),RAW,2021-07-09 21:05:46
1436,Lee Su-geun: The Sense Coach (2021),SUB,2021-07-09 08:16:36
1437,Marrying the Mafia V (2012),SUB,2021-07-09 00:54:52
1438,Marrying the Mafia IV (2011),SUB,2021-07-09 00:53:23
1439,Marrying the Mafia III (2006),SUB,2021-07-09 00:50:43
1440,Lying to Mom (2018),SUB,2021-07-09 00:26:43
1441,The Greatest Expectation,RAW,2021-07-09 00:08:00
1442,Love You My Arrogance (2020),SUB,2021-07-08 08:26:26
1443,Marrying The Mafia (2002),SUB,2021-07-08 03:34:13
1444,My Uncle (2016),RAW,2021-07-08 03:31:54
1445,Ain't No Tomorrows (2008),SUB,2021-07-08 02:34:13
1446,Night and Fog (2009),SUB,2021-07-08 01:06:00
1447,Surrogacy (2021),SUB,2021-07-07 23:52:08
1448,Limbo (2021),SUB,2021-07-07 23:50:43
1449,Ohana no Sensei (2020),SUB,2021-07-07 22:55:45
1450,All Because of Love (2017),SUB,2021-07-07 20:39:28
1451,To Live to Sing (2019),SUB,2021-07-07 19:09:22
1452,My First Client,SUB,2021-07-07 06:53:39
1453,Greatest Gift of Life (2021),SUB,2021-07-07 06:52:54
1454,Yan (2020),SUB,2021-07-05 19:53:25
1455,Whistleblower (2019),SUB,2021-07-05 19:53:16
1456,Hell Bank Presents: Running Ghost (2020),SUB,2021-07-05 02:57:30
1457,Mashin Sentai Kiramager vs. Ryusoulger (2021),SUB,2021-07-05 01:45:39
1458,Pipeline (2021),SUB,2021-07-03 07:33:48
1459,Sugar Street Studio (2021),SUB,2021-07-02 23:09:56
1460,The End of the Tiny World (2021),SUB,2021-07-02 19:03:43
1461,The 8th Night (2021),SUB,2021-07-02 07:06:54
1462,Kamen Rider Specter × Blades (2021),SUB,2021-07-02 01:09:25
1463,Not Out (2021),RAW,2021-07-01 07:59:58
1464,Mr Zombie (2021),SUB,2021-06-30 07:50:58
1465,Saitankyori wa Mawari Kudokute: Ame to Soda Mizu (2020),SUB,2021-06-29 23:08:59
1466,Legal High SP 2 (2014),SUB,2021-06-29 23:00:05
1467,Nemuri no Mori (2014),SUB,2021-06-29 19:51:20
1468,Fukyowaon-en no Keiji VS Kori no Keiji (2020),RAW,2021-06-29 17:02:37
1469,Tonkatsu DJ Agetaro (2020),RAW,2021-06-29 15:24:53
1470,Drifting (2021),SUB,2021-06-29 07:27:21
1471,Race to Freedom: Um Bok-dong (2019),SUB,2021-06-28 18:56:19
1472,Stolen Identity 2 (2020),RAW,2021-06-28 17:12:24
1473,Tomorrow Will Be Fine (2021),SUB,2021-06-27 06:50:22
1474,Endless Rain (2021),SUB,2021-06-27 06:49:36
1475,Kingyo Hime (2020),RAW,2021-06-26 20:51:12
1476,Keep Your Hands Off Eizouken! (2020),SUB,2021-06-25 20:47:01
1477,Love Story in London 2021,SUB,2021-06-25 20:07:51
1478,My Love (2021),SUB,2021-06-25 08:14:28
1479,Memory Dissection (2021),SUB,2021-06-25 08:14:18
1480,Red Storm (2019),SUB,2021-06-24 15:32:55
1481, Kodokushi (2020),SUB,2021-06-24 14:21:38
1482,School Meals Time Final Battle (2020),RAW,2021-06-24 14:15:31
1483,Tunguska Butterfly (2019),RAW,2021-06-24 07:47:13
1484,Ultraman Taiga the Movie: New Generation Climax (2020),SUB,2021-06-22 21:56:31
1485,Double Booking (2020),RAW,2021-06-19 16:12:07
1486,Wet Dreams 2 (2005),SUB,2021-06-19 15:54:49
1487,Young Adult Matters (2020),SUB,2021-06-19 08:46:37
1488,Triple - Do You Want? (2020),SUB,2021-06-19 04:54:20
1489,Cafe Midnight (2020),SUB,2021-06-19 04:46:56
1490,Project Lunatic (2020),SUB,2021-06-19 00:22:20
1491,Cliff Walkers (2021),SUB,2021-06-18 08:24:44
1492,Rurouni Kenshin: The Final (2021),SUB,2021-06-18 07:50:24
1493,Black Light (2021),SUB,2021-06-15 08:48:31
1494,The Nikaidos' Fall (2019),SUB,2021-06-15 07:42:59
1495,Sea of Revival (2019),SUB,2021-06-15 07:34:26
1496,The Dreaming Man (2017),RAW,2021-06-14 14:49:59
1497,The Male Fairy Fox of Liaozhai (2016),RAW,2021-06-14 14:18:20
1498,The Male Fairy Fox of Liaozhai 2 (2018),SUB,2021-06-14 14:06:54
1499,I Wish You Were Me (2021),RAW,2021-06-14 13:35:26
1500,The Lady in the Portrait (2017),RAW,2021-06-14 13:25:08
1501,Nagareboshi (2021),SUB,2021-06-14 08:38:26
1502,Once Upon a Time in Hong Kong (2021),RAW,2021-06-13 21:59:40
1503,The Eve (2021),RAW,2021-06-13 20:42:29
1504,Man of Men,SUB,2021-06-12 06:55:59
1505,The Night Beyond the Tricornered Window,SUB,2021-06-11 21:38:17
1506,One Take (2020),SUB,2021-06-11 07:51:27
1507,Sakura (2020),SUB,2021-06-10 08:29:21
1508,Kotonoha (2020),RAW,2021-06-10 07:18:19
1509,Hold Me Back (2020),SUB,2021-06-09 19:54:45
1510,Dwelling in the Fuchun Mountains (2020),SUB,2021-06-09 18:17:42
1511,Love Battle (2019),RAW,2021-06-09 12:52:06
1512,My Darling Is a Foreigner (2010),SUB,2021-06-09 07:41:33
1513,Home Sweet Home (2021),SUB,2021-06-09 07:41:09
1514,In The Name of The Son (2021),RAW,2021-06-06 19:07:47
1515,Infernal Storm (2021),SUB,2021-06-05 08:59:20
1516,Sweet and Sour (2021),SUB,2021-06-04 04:11:40
1517,Bride of the Shadowing King (2018),SUB,2021-06-02 23:41:10
1518,Break Through the Darkness (2021),SUB,2021-06-02 23:40:49
1519,Piece of Cake,SUB,2021-06-02 21:11:51
1520,Till Death Do Us What?,SUB,2021-06-02 15:37:09
1521,Endgame (2021),SUB,2021-06-02 14:09:48
1522,Fighting For The Motherland,SUB,2021-06-02 09:21:31
1523,I (2021),SUB,2021-06-01 21:58:09
1524,Royal Hotel (2020),RAW,2021-05-31 23:13:39
1525,Sway (2014),SUB,2021-05-31 20:52:21
1526,Supporting Mom's Affair (2020),RAW,2021-05-31 15:07:32
1527,Pumpkin and Mayonnaise,SUB,2021-05-31 08:32:56
1528,Platon's Love (2016),RAW,2021-05-31 08:28:54
1529,GANG (2020),SUB,2021-05-31 08:28:20
1530,Hirugao movie,SUB,2021-05-31 05:11:41
1531,Stigmatized Properties (2020),SUB,2021-05-30 17:47:14
1532,The Promised Neverland (2020),SUB,2021-05-30 06:49:43
1533,Love Stage!! (2020),SUB,2021-05-28 19:01:53
1534,The Box (2021),SUB,2021-05-27 08:48:40
1535,Happy Together (2018),RAW,2021-05-27 01:02:32
1536,The Moment (2017),SUB,2021-05-27 00:59:13
1537,The Fault Is Not Yours (2019),RAW,2021-05-27 00:56:36
1538,"Ah, Wilderness: Part 2 (2017)",SUB,2021-05-27 00:54:18
1539,Mr. Egotistic (2018),RAW,2021-05-27 00:49:56
1540,"Come On, Irene (2018)",SUB,2021-05-27 00:48:00
1541,Paper Flower (2020),RAW,2021-05-27 00:43:50
1542,The Cursed Lesson (2020),SUB,2021-05-26 19:43:20
1543,Ghost Lab (2021),SUB,2021-05-26 14:55:40
1544,My Name Is Nobody,SUB,2021-05-26 00:19:47
1545,Gatao: The Last Stray (2021),SUB,2021-05-25 13:40:15
1546,Tiger Robbers (2021),SUB,2021-05-25 08:32:31
1547,Way Back Home (2021),RAW,2021-05-24 20:08:30
1548,Chuzai Keiji SP,RAW,2021-05-24 14:30:32
1549,Ultra Protection 2021,RAW,2021-05-24 06:54:58
1550,Heaven's Bookstore (2004),SUB,2021-05-23 20:48:18
1551,Eight Ranger (2012),SUB,2021-05-23 08:01:44
1552,Breakout Brothers (2020),SUB,2021-05-22 09:48:24
1553,King of Prison 2: The Prison War (2021),RAW,2021-05-22 09:41:17
1554,Leizhenzi: The Origin of the Gods,SUB,2021-05-22 07:58:33
1555,Sister (2021),RAW,2021-05-22 01:44:51
1556,Recalled (2021),SUB,2021-05-21 00:19:59
1557,Happy Children (2021),RAW,2021-05-20 07:49:34
1558,Life in Overtime (2018),SUB,2021-05-18 07:05:48
1559,Dragon Head ,SUB,2021-05-18 00:05:33
1560,Sabu,SUB,2021-05-17 23:58:06
1561,Singles,SUB,2021-05-17 23:55:42
1562,You Make Me Dance (2021) Movie,SUB,2021-05-16 18:27:05
1563,Color Rush (2020) Movie,SUB,2021-05-16 18:26:50
1564,The Art of Loving (2020),SUB,2021-05-16 18:25:20
1565,"Hi, Mom (2021)",SUB,2021-05-16 07:03:31
1566,Child of the Stars (2020),RAW,2021-05-16 06:26:57
1567,Miss Mom (2021),SUB,2021-05-16 06:26:38
1568,The Eleventh Chapter (2021),SUB,2021-05-16 06:26:12
1569,Little Miss Period (2019),SUB,2021-05-16 06:25:53
1570,Ready O/R Knot (2021),RAW,2021-05-16 06:23:58
1571,Tonari no Masala (2020),SUB,2021-05-14 23:36:26
1572,Perfect Strangers 2021,RAW,2021-05-13 17:29:55
1573,Trail of the Panda (2009),SUB,2021-05-13 07:34:59
1574,Ghost Walk (2019),SUB,2021-05-13 07:10:30
1575,Tonkatsu DJ Age-Taro (2020),SUB,2021-05-12 20:22:06
1576,Twenty Hacker (2021),SUB,2021-05-12 18:10:38
1577,FUNNY BUNNY (2021),RAW,2021-05-12 02:13:31
1578,Tokyo Yamimushi Part 1,RAW,2021-05-11 00:06:23
1579,Blue Hour (2019),SUB,2021-05-10 07:50:00
1580,Iryu Sousa SP 10,SUB,2021-05-10 06:19:03
1581,Yakuza and The Family (2021),SUB,2021-05-09 23:04:06
1582,HiGH&LOW The Movie 3: FINAL MISSION,SUB,2021-05-08 00:48:23
1583,Love Julinsee,SUB,2021-05-08 00:45:57
1584,Dynasty Warriors : Destiny of an Emperor (2021),SUB,2021-05-06 20:25:16
1585,All U Need Is Love (2021),SUB,2021-05-06 06:43:20
1586,My Girlfriend is a Serial Killer (2019),SUB,2021-05-06 00:15:03
1587,Do You Love Me as I Love You (2020),SUB,2021-05-05 19:43:20
1588,Silent Tokyo (2020),RAW,2021-05-05 16:34:54
1589,Step (2020),RAW,2021-05-05 15:49:30
1590,August Never Ends (2021),SUB,2021-05-05 08:18:26
1591,The 12 Day Tale of the Monster that Died in 8 (2020),RAW,2021-05-05 07:27:14
1592,Spring Song (2021),RAW,2021-05-05 07:00:17
1593,The House That Never Dies,SUB,2021-05-04 14:39:24
1594,The Eye of the Dragon Princess (2020),SUB,2021-05-04 08:08:35
1595,Ride or Die (2021),SUB,2021-05-04 02:05:19
1596,"Again, Spring",SUB,2021-05-01 08:57:37
1597,The Legacy of Dr. Death: Black File (2020),SUB,2021-04-30 20:52:37
1598,The First Myth: Clash of Gods (2021),RAW,2021-04-30 08:52:12
1599,Detective Chinatown 3 (2021),SUB,2021-04-30 08:26:50
1600,The Bastard and the Beautiful World (2018),SUB,2021-04-30 03:40:10
1601,"On the Road, Khaosan Tango (2020)",RAW,2021-04-30 03:39:38
1602,Me & My Brother’s Mistress (2019),SUB,2021-04-29 23:05:47
1603,Your Eyes Tell,SUB,2021-04-28 18:18:24
1604,The Wizard Of Penglai (2020),RAW,2021-04-27 23:28:24
1605,Song of the Exile,SUB,2021-04-27 23:27:59
1606,Flowers of Shanghai,SUB,2021-04-27 23:25:12
1607,Millennium Mambo,SUB,2021-04-27 23:19:51
1608,Special Forces Return 3: Top Secret Battlefield,RAW,2021-04-27 22:02:57
1609,Special Forces Return 2: Black Poppy,RAW,2021-04-27 22:01:09
1610,Special Forces Return 1: Snow Wolf's Wrath,RAW,2021-04-27 21:58:53
1611,Maborosi (1995),SUB,2021-04-27 21:31:55
1612,Passages (2004),SUB,2021-04-27 20:51:35
1613,My Captain Mr. Underground (2006),SUB,2021-04-27 20:01:39
1614,"Good Men, Good Women (1995)",SUB,2021-04-27 19:30:25
1615,Cafe Lumiere,SUB,2021-04-27 19:27:07
1616,The Soup,RAW,2021-04-27 19:22:02
1617,Dynamite Graffiti,SUB,2021-04-27 01:29:00
1618,A Blue Mouthed Face,RAW,2021-04-27 01:16:19
1619,Both a Guy and a Girl Like Me at the Same Time (2020),SUB,2021-04-27 01:14:36
1620,Karanukan,RAW,2021-04-26 23:55:44
1621,Still Life of Memories,SUB,2021-04-26 23:50:29
1622,Salvation (2020),RAW,2021-04-26 21:29:32
1623,White Deer Plain (2012),RAW,2021-04-26 21:13:20
1624,Two Portraits of MIYAGINO (2010),SUB,2021-04-26 17:40:59
1625,Taste of Emptiness (2017),SUB,2021-04-26 08:48:15
1626,A Quiet Dream (2016),SUB,2021-04-26 08:11:24
1627,The Legend of Fei (2021),SUB,2021-04-26 07:33:09
1628,Fall In Love With My King (2020),SUB,2021-04-25 06:57:34
1629,Crazy Beggar So (2020),SUB,2021-04-25 06:57:21
1630,Female Tenant (2020),SUB,2021-04-25 06:33:25
1631,Snake: Fall of a City (2020),SUB,2021-04-25 06:32:51
1632,Disguised Tsing Yi (2020),SUB,2021-04-25 06:32:00
1633,Three Eyes (2020),SUB,2021-04-25 06:31:26
1634,Monster List: The Su Jiuer Story (2020),SUB,2021-04-25 06:30:59
1635,Thunder General Sha Wujing (2020),SUB,2021-04-25 06:30:13
1636,Kamen Rider Zero-One: REAL×TIME,SUB,2021-04-24 02:13:00
1637,Hanalei Bay (2018),SUB,2021-04-23 01:39:34
1638,Kamen Rider Saber: The Phoenix Swordsman and the Book of Ruin,SUB,2021-04-23 01:13:55
1639,Shades of the Heart (2021),SUB,2021-04-23 01:13:21
1640,"Go Away, Ultramarine",SUB,2021-04-22 20:09:08
1641,Mr. Go (2013),SUB,2021-04-22 20:08:49
1642,Homunculus (2021),SUB,2021-04-22 07:23:13
1643,Yowamushi Pedal (2020),SUB,2021-04-21 18:47:13
1644,Fist of Legend (2019),SUB,2021-04-21 05:55:54
1645,His (2020),SUB,2021-04-19 16:47:08
1646,Zero-One Others: Kamen Rider MetsubouJinrai,SUB,2021-04-18 18:32:10
1647,Slowly! (2021),RAW,2021-04-17 07:34:11
1648,One Second (2020),SUB,2021-04-17 06:46:09
1649,Slate (2021),SUB,2021-04-16 08:11:54
1650,"Fueled: The Man They Called ""Pirate"" (2016)",SUB,2021-04-16 07:22:53
1651,Seoul Searching (2016),SUB,2021-04-16 03:04:31
1652,Rising Jakuchuu SP,SUB,2021-04-16 00:37:59
1653,Snow Paths (2016),RAW,2021-04-15 21:00:47
1654,Super Nova (2021),RAW,2021-04-15 17:37:33
1655,Somewhere in Between (2020),RAW,2021-04-15 16:43:09
1656,Noukagaku Bengoshi Kaidou Azusa Doubt (2021),RAW,2021-04-15 16:30:29
1657,New Gods: Nezha Reborn (2021),SUB,2021-04-15 15:45:57
1658,Double Patty (2021),SUB,2021-04-15 15:45:36
1659,Threesome,SUB,2021-04-15 15:44:54
1660,Seobok (2021),SUB,2021-04-15 00:57:18
1661,Renai Kitanshuu (2017),SUB,2021-04-14 23:13:53
1662,The Sheriff in Town (2017),SUB,2021-04-14 20:32:14
1663,Love Before Birthday (2019),RAW,2021-04-14 19:14:28
1664,Reon (2018),SUB,2021-04-14 19:05:09
1665,Saimon & Tada Takashi (2018),RAW,2021-04-14 19:02:20
1666,Happy Dorm (2016),SUB,2021-04-14 18:58:22
1667,20 30 40 (2004),SUB,2021-04-14 18:54:58
1668,One in a Hundred Thousand,SUB,2021-04-14 18:27:27
1669,Man of Will,SUB,2021-04-14 16:22:08
1670,My Sassy Girl (2021),SUB,2021-04-14 06:05:46
1671,2Day,SUB,2021-04-14 06:04:41
1672,Kotera-san Climbs! (2020),SUB,2021-04-11 00:17:27
1673,Stardust Over The Town (2020),SUB,2021-04-09 21:25:34
1674,A Writer's Odyssey (2021),SUB,2021-04-09 18:56:19
1675,Night in Paradise (2021),SUB,2021-04-09 08:35:31
1676,Mission: Possible (2021),SUB,2021-04-09 07:44:34
1677,Lhamo and Skalbe (2019),SUB,2021-04-08 19:48:11
1678,Signal: Choki Mikaiketsu Jiken Sosahan SP,SUB,2021-04-08 07:42:02
1679,Queen of Triads 2 (2021),SUB,2021-04-07 20:13:45
1680,Raging Flower (2021),RAW,2021-04-07 00:14:38
1681,The Supernatural Events on Campus (2013),SUB,2021-04-06 16:13:02
1682,Miss Happy (2015),SUB,2021-04-06 14:12:31
1683,The Holy Man 3,SUB,2021-04-06 14:12:03
1684,The Holy Man 2,SUB,2021-04-06 14:11:33
1685,A Leg (2020),SUB,2021-04-05 21:04:16
1686,The Lonely 19:00 (2020),SUB,2021-04-05 18:11:17
1687,Sword of Destiny (2021),SUB,2021-04-05 07:17:13
1688,Da Capo (2020),SUB,2021-04-05 06:07:00
1689,Love Clinic,SUB,2021-04-04 20:00:35
1690,My Father (2007),SUB,2021-04-04 19:09:44
1691,Startup Girls (2019),SUB,2021-04-04 18:58:44
1692,Zhang Sanfeng 2: Tai Chi Master,SUB,2021-04-04 08:33:52
1693,In Another Country (2012),SUB,2021-04-04 08:32:45
1694,The Day I Died: Unclosed Case (2020),SUB,2021-04-04 06:51:43
1695,Forbidden Martial Arts: The Nine Mysterious Candle Dragons,SUB,2021-04-03 19:18:38
1696,Dragon Descendant: Magic Dragon Charm,RAW,2021-04-03 09:13:50
1697,Swinging Blossom (2017),SUB,2021-04-03 08:32:27
1698,Yuru Camp△ SP,SUB,2021-04-03 08:28:53
1699,Wisdom Tooth (2018),SUB,2021-04-03 02:10:06
1700,Hakutaka Shirataka Amane no Investigation File,SUB,2021-04-02 09:08:06
1701,Kasai no Hito Special,RAW,2021-04-02 08:40:12
1702,The Flame of the Nine Heavens (2020),SUB,2021-04-02 08:03:17
1703,The Swords of Storm (2020),SUB,2021-04-02 08:02:43
1704,"Papa, Can You Hear Me Sing?",SUB,2021-04-01 21:29:41
1705,Inai Kamo Shirenai,RAW,2021-03-31 07:28:40
1706,Aewol - Written on the Wind,SUB,2021-03-31 00:40:22
1707,Passing Summer,SUB,2021-03-31 00:39:37
1708,Matinee (2019),SUB,2021-03-31 00:38:27
1709,Red Blade (2018),SUB,2021-03-30 06:47:55
1710,Air Girl (2021),SUB,2021-03-28 20:20:30
1711,Go Back (2021),SUB,2021-03-28 08:10:14
1712,Promise (2020),SUB,2021-03-26 00:51:19
1713,My Fair Dad (2021),SUB,2021-03-26 00:50:39
1714,Crazy Filmmaker 2 (2021),SUB,2021-03-26 00:49:39
1715,Days and Nights in Wuhan,SUB,2021-03-26 00:48:58
1716,Tokyo Chiken no Otoko (2021),RAW,2021-03-25 18:13:16
1717,Mind Memory (2017),RAW,2021-03-25 11:17:59
1718,Nemesis (2020),SUB,2021-03-25 06:42:25
1719,No Foul Game: Hallucinations (2021),RAW,2021-03-25 03:41:26
1720,Battle Dog Attack (2021),RAW,2021-03-25 03:02:09
1721,Legend of the Ancient Sword: Sorrowsong Conspiracy (2021),RAW,2021-03-25 03:01:52
1722,No Foul Game: Hysteria Raid (2021),RAW,2021-03-25 03:01:32
1723,Thunder Chase (2021),RAW,2021-03-25 01:19:51
1724,Hermit of Guanyang Town (2021),RAW,2021-03-25 01:19:34
1725,Grassland Sarilang (2021),RAW,2021-03-25 01:19:01
1726,Hoshi to Lemon no Heya (2021),SUB,2021-03-24 09:07:31
1727,Agent Family (2021),RAW,2021-03-24 06:17:34
1728,The Story Of Xi Bao (2020),RAW,2021-03-24 05:34:12
1729, I Come From Beijing: The Rise of the Pear Village (2021),RAW,2021-03-24 03:38:20
1730,Bigbang in the Village (2021),RAW,2021-03-24 03:36:06
1731,The Legend of Loulan: Ghost Army (2021),RAW,2021-03-24 03:35:46
1732,Demon Hunter Yan Chixia (2021),RAW,2021-03-24 03:35:22
1733,The Perilous Internet Ring (2020),RAW,2021-03-24 03:35:01
1734,Unexpected Love 2 (2020),RAW,2021-03-24 03:34:38
1735,The Legend of Zhao Yun (2021),RAW,2021-03-24 03:34:15
1736,All There Will Be (2020),SUB,2021-03-23 23:31:02
1737,Master Face Changer,SUB,2021-03-23 23:30:46
1738,Secret Army (2021),SUB,2021-03-23 23:30:30
1739,Miss Mi 2021,SUB,2021-03-23 23:30:13
1740,Heaven and Hell (2012),SUB,2021-03-23 09:29:51
1741,Daughters (2020),SUB,2021-03-23 07:45:30
1742,Please Don’t Save Me,SUB,2021-03-23 04:29:34
1743,EVEN - Kimi ni Okuru Uta,RAW,2021-03-22 23:19:19
1744,Haunted Campus,SUB,2021-03-22 23:16:16
1745,Office 2015,SUB,2021-03-22 20:53:54
1746,White Night (2012),SUB,2021-03-22 20:22:01
1747,The Knight in the White Night (2018),SUB,2021-03-21 19:34:14
1748, The White Snake: A Love Affair (2021),SUB,2021-03-21 18:39:04
1749,15+ IQ Krachoot (2017),SUB,2021-03-21 06:43:32
1750,Any Crybabies Around?,SUB,2021-03-21 02:17:16
1751,Hospital (2020),SUB,2021-03-21 02:16:44
1752,Eyes On Me: The Movie (2020),SUB,2021-03-20 00:36:39
1753,State of Emergency (2020),RAW,2021-03-20 00:21:56
1754,Final Battle in Chengzigou of Kongfu Saga,RAW,2021-03-19 22:48:14
1755,WISH YOU: Your Melody From My Heart the Movie (2021),SUB,2021-03-19 19:35:45
1756,The Depths (2011),SUB,2021-03-19 07:59:24
1757,The Yin Yang Master,SUB,2021-03-19 07:59:08
1758,Cheer Boys!! (2019),SUB,2021-03-18 23:38:28
1759,Hunch,SUB,2021-03-18 21:25:55
1760,Love You 100K,SUB,2021-03-18 21:21:13
1761,Puppy Love (2020),SUB,2021-03-18 19:26:23
1762,Conquering Fate,SUB,2021-03-18 00:07:23
1763,Tribute to Heroes (2020),SUB,2021-03-18 00:06:09
1764,YEAH (2018),SUB,2021-03-17 02:02:24
1765,The Victim,SUB,2021-03-16 23:52:14
1766,All About Ing (2021),SUB,2021-03-16 14:34:11
1767,Fahtum pandinsoong,SUB,2021-03-15 20:25:39
1768,Khun Phan,SUB,2021-03-15 20:22:03
1769,Show Time: Little Fairy (2021),RAW,2021-03-15 14:03:47
1770,Block House (2021),RAW,2021-03-15 02:09:46
1771,Detective Dee and Plague of Chang'an (2021),RAW,2021-03-15 02:09:32
1772,Hapless God of Wealth (2021),RAW,2021-03-15 02:09:21
1773,Dragon Shaking Coffin (2021),RAW,2021-03-15 00:33:11
1774,My Second Hometown (2021),RAW,2021-03-15 00:32:58
1775, Female Psychologist: Dark Night Rebirth (2021),RAW,2021-03-15 00:32:41
1776,Handsome Uncle (2021),RAW,2021-03-15 00:32:20
1777,The Covenant with Dragons Mission 3 (2021),RAW,2021-03-15 00:32:02
1778,Huge Shark (2021),RAW,2021-03-15 00:30:32
1779,No Root No Fruit (2021),SUB,2021-03-14 23:51:11
1780, The God of Wealth (2021),SUB,2021-03-14 23:49:48
1781,Ranmaru The Man with the God Tongue,SUB,2021-03-14 23:40:24
1782, Hard Hit (2020),RAW,2021-03-14 21:38:43
1783,Northeast Axis God (2021),RAW,2021-03-14 21:37:45
1784,Ghost Leader (2020),RAW,2021-03-14 21:37:24
1785,Happy Troubles (2020),RAW,2021-03-14 21:36:45
1786,Depths of Colourful clouds 2020),RAW,2021-03-14 21:36:20
1787, The Shining Girl (2020),RAW,2021-03-14 21:34:29
1788, Billion Coward (2020),SUB,2021-03-14 21:30:33
1789,No Drugs in the World (2020),SUB,2021-03-14 21:29:51
1790, A Hero Without Halo (2020),RAW,2021-03-14 21:29:13
1791,Number 82 Hunted House (2020),RAW,2021-03-14 21:28:29
1792,The Brightest Roof in the Universe (2020),SUB,2021-03-14 19:40:37
1793,Happiness of Iberia (2020),SUB,2021-03-13 20:00:02
1794,18 Things First Love Taught Me (2020),SUB,2021-03-13 19:59:53
1795,Miser (2020),SUB,2021-03-13 19:59:33
1796,Rakshasa Tribulation (2020),SUB,2021-03-13 19:59:22
1797,Makuko (2019),SUB,2021-03-13 18:56:06
1798,Tapestry (2020),SUB,2021-03-12 22:24:17
1799,New Year Blues (2021),SUB,2021-03-12 05:58:17
